product_id,Barcode_path
1,C:\Users\vukri\PycharmProjects\pythonProject\Barcode\05102009081.jpg
2,C:\Users\vukri\PycharmProjects\pythonProject\Barcode\05102009082.jpg
3,C:\Users\vukri\PycharmProjects\pythonProject\Barcode\05102009083.jpg
4,C:\Users\vukri\PycharmProjects\pythonProject\Barcode\05102009101.jpg
5,C:\Users\vukri\PycharmProjects\pythonProject\Barcode\05102009102.jpg
6,C:\Users\vukri\PycharmProjects\pythonProject\Barcode\05102009103.jpg
7,C:\Users\vukri\PycharmProjects\pythonProject\Barcode\05102009104.jpg
8,C:\Users\vukri\PycharmProjects\pythonProject\Barcode\05102009105.jpg
9,C:\Users\vukri\PycharmProjects\pythonProject\Barcode\05102009106.jpg
10,C:\Users\vukri\PycharmProjects\pythonProject\Barcode\05102009108.jpg
11,C:\Users\vukri\PycharmProjects\pythonProject\Barcode\05102009110.jpg
12,C:\Users\vukri\PycharmProjects\pythonProject\Barcode\05102009111.jpg
13,C:\Users\vukri\PycharmProjects\pythonProject\Barcode\05102009114.jpg
14,C:\Users\vukri\PycharmProjects\pythonProject\Barcode\05102009115.jpg
15,C:\Users\vukri\PycharmProjects\pythonProject\Barcode\05102009117.jpg
16,C:\Users\vukri\PycharmProjects\pythonProject\Barcode\05102009118.jpg
17,C:\Users\vukri\PycharmProjects\pythonProject\Barcode\05102009119.jpg
18,C:\Users\vukri\PycharmProjects\pythonProject\Barcode\05102009120.jpg
19,C:\Users\vukri\PycharmProjects\pythonProject\Barcode\05102009121.jpg
20,C:\Users\vukri\PycharmProjects\pythonProject\Barcode\05102009122.jpg
21,C:\Users\vukri\PycharmProjects\pythonProject\Barcode\05102009123.jpg
22,C:\Users\vukri\PycharmProjects\pythonProject\Barcode\05102009124.jpg
23,C:\Users\vukri\PycharmProjects\pythonProject\Barcode\05102009125.jpg
24,C:\Users\vukri\PycharmProjects\pythonProject\Barcode\05102009126.jpg
25,C:\Users\vukri\PycharmProjects\pythonProject\Barcode\05102009127.jpg
26,C:\Users\vukri\PycharmProjects\pythonProject\Barcode\05102009129.jpg
27,C:\Users\vukri\PycharmProjects\pythonProject\Barcode\05102009131.jpg
28,C:\Users\vukri\PycharmProjects\pythonProject\Barcode\05102009132.jpg
29,C:\Users\vukri\PycharmProjects\pythonProject\Barcode\05102009133.jpg
30,C:\Users\vukri\PycharmProjects\pythonProject\Barcode\05102009134.jpg
31,C:\Users\vukri\PycharmProjects\pythonProject\Barcode\05102009135.jpg
32,C:\Users\vukri\PycharmProjects\pythonProject\Barcode\05102009137.jpg
33,C:\Users\vukri\PycharmProjects\pythonProject\Barcode\05102009138.jpg
34,C:\Users\vukri\PycharmProjects\pythonProject\Barcode\05102009139.jpg
35,C:\Users\vukri\PycharmProjects\pythonProject\Barcode\05102009140.jpg
36,C:\Users\vukri\PycharmProjects\pythonProject\Barcode\05102009141.jpg
37,C:\Users\vukri\PycharmProjects\pythonProject\Barcode\05102009142.jpg
38,C:\Users\vukri\PycharmProjects\pythonProject\Barcode\05102009143.jpg
39,C:\Users\vukri\PycharmProjects\pythonProject\Barcode\05102009144.jpg
40,C:\Users\vukri\PycharmProjects\pythonProject\Barcode\05102009145.jpg
41,C:\Users\vukri\PycharmProjects\pythonProject\Barcode\05102009146.jpg
42,C:\Users\vukri\PycharmProjects\pythonProject\Barcode\05102009148.jpg
43,C:\Users\vukri\PycharmProjects\pythonProject\Barcode\05102009149.jpg
44,C:\Users\vukri\PycharmProjects\pythonProject\Barcode\05102009150.jpg
45,C:\Users\vukri\PycharmProjects\pythonProject\Barcode\05102009151.jpg
46,C:\Users\vukri\PycharmProjects\pythonProject\Barcode\05102009152.jpg
47,C:\Users\vukri\PycharmProjects\pythonProject\Barcode\05102009153.jpg
48,C:\Users\vukri\PycharmProjects\pythonProject\Barcode\05102009154.jpg
49,C:\Users\vukri\PycharmProjects\pythonProject\Barcode\05102009155.jpg
50,C:\Users\vukri\PycharmProjects\pythonProject\Barcode\05102009156.jpg
51,C:\Users\vukri\PycharmProjects\pythonProject\Barcode\05102009157.jpg
52,C:\Users\vukri\PycharmProjects\pythonProject\Barcode\05102009158.jpg
53,C:\Users\vukri\PycharmProjects\pythonProject\Barcode\05102009159.jpg
54,C:\Users\vukri\PycharmProjects\pythonProject\Barcode\05102009160.jpg
55,C:\Users\vukri\PycharmProjects\pythonProject\Barcode\05102009161.jpg
56,C:\Users\vukri\PycharmProjects\pythonProject\Barcode\05102009162.jpg
57,C:\Users\vukri\PycharmProjects\pythonProject\Barcode\05102009163.jpg
58,C:\Users\vukri\PycharmProjects\pythonProject\Barcode\05102009164.jpg
59,C:\Users\vukri\PycharmProjects\pythonProject\Barcode\05102009165.jpg
60,C:\Users\vukri\PycharmProjects\pythonProject\Barcode\05102009166.jpg
61,C:\Users\vukri\PycharmProjects\pythonProject\Barcode\05102009168.jpg
62,C:\Users\vukri\PycharmProjects\pythonProject\Barcode\05102009169.jpg
63,C:\Users\vukri\PycharmProjects\pythonProject\Barcode\05102009170.jpg
64,C:\Users\vukri\PycharmProjects\pythonProject\Barcode\05102009171.jpg
65,C:\Users\vukri\PycharmProjects\pythonProject\Barcode\05102009172.jpg
66,C:\Users\vukri\PycharmProjects\pythonProject\Barcode\05102009173.jpg
67,C:\Users\vukri\PycharmProjects\pythonProject\Barcode\05102009175.jpg
68,C:\Users\vukri\PycharmProjects\pythonProject\Barcode\05102009176.jpg
69,C:\Users\vukri\PycharmProjects\pythonProject\Barcode\05102009177.jpg
70,C:\Users\vukri\PycharmProjects\pythonProject\Barcode\05102009178.jpg
71,C:\Users\vukri\PycharmProjects\pythonProject\Barcode\05102009179.jpg
72,C:\Users\vukri\PycharmProjects\pythonProject\Barcode\05102009180.jpg
73,C:\Users\vukri\PycharmProjects\pythonProject\Barcode\05102009183.jpg
74,C:\Users\vukri\PycharmProjects\pythonProject\Barcode\05102009184.jpg
75,C:\Users\vukri\PycharmProjects\pythonProject\Barcode\05102009185.jpg
76,C:\Users\vukri\PycharmProjects\pythonProject\Barcode\05102009186.jpg
77,C:\Users\vukri\PycharmProjects\pythonProject\Barcode\05102009187.jpg
78,C:\Users\vukri\PycharmProjects\pythonProject\Barcode\05102009189.jpg
79,C:\Users\vukri\PycharmProjects\pythonProject\Barcode\05102009190.jpg
80,C:\Users\vukri\PycharmProjects\pythonProject\Barcode\05102009191.jpg
81,C:\Users\vukri\PycharmProjects\pythonProject\Barcode\05102009192.jpg
82,C:\Users\vukri\PycharmProjects\pythonProject\Barcode\05102009193.jpg
83,C:\Users\vukri\PycharmProjects\pythonProject\Barcode\05102009194.jpg
84,C:\Users\vukri\PycharmProjects\pythonProject\Barcode\05102009195.jpg
85,C:\Users\vukri\PycharmProjects\pythonProject\Barcode\05102009196.jpg
86,C:\Users\vukri\PycharmProjects\pythonProject\Barcode\05102009197.jpg
87,C:\Users\vukri\PycharmProjects\pythonProject\Barcode\05102009198.jpg
88,C:\Users\vukri\PycharmProjects\pythonProject\Barcode\05102009199.jpg
89,C:\Users\vukri\PycharmProjects\pythonProject\Barcode\05102009200.jpg
90,C:\Users\vukri\PycharmProjects\pythonProject\Barcode\05102009201.jpg
91,C:\Users\vukri\PycharmProjects\pythonProject\Barcode\05102009202.jpg
92,C:\Users\vukri\PycharmProjects\pythonProject\Barcode\05102009203.jpg
93,C:\Users\vukri\PycharmProjects\pythonProject\Barcode\05102009205.jpg
94,C:\Users\vukri\PycharmProjects\pythonProject\Barcode\05102009206.jpg
95,C:\Users\vukri\PycharmProjects\pythonProject\Barcode\05102009207.jpg
96,C:\Users\vukri\PycharmProjects\pythonProject\Barcode\05102009208.jpg
97,C:\Users\vukri\PycharmProjects\pythonProject\Barcode\05102009209.jpg
98,C:\Users\vukri\PycharmProjects\pythonProject\Barcode\05102009210.jpg
99,C:\Users\vukri\PycharmProjects\pythonProject\Barcode\05102009211.jpg
100,C:\Users\vukri\PycharmProjects\pythonProject\Barcode\05102009212.jpg
101,C:\Users\vukri\PycharmProjects\pythonProject\Barcode\05102009213.jpg
102,C:\Users\vukri\PycharmProjects\pythonProject\Barcode\05102009214.jpg
103,C:\Users\vukri\PycharmProjects\pythonProject\Barcode\05102009215.jpg
104,C:\Users\vukri\PycharmProjects\pythonProject\Barcode\05102009216.jpg
105,C:\Users\vukri\PycharmProjects\pythonProject\Barcode\05102009218.jpg
106,C:\Users\vukri\PycharmProjects\pythonProject\Barcode\05102009219.jpg
107,C:\Users\vukri\PycharmProjects\pythonProject\Barcode\05102009220.jpg
108,C:\Users\vukri\PycharmProjects\pythonProject\Barcode\05102009222.jpg
109,C:\Users\vukri\PycharmProjects\pythonProject\Barcode\05102009223.jpg
110,C:\Users\vukri\PycharmProjects\pythonProject\Barcode\05102009224.jpg
111,C:\Users\vukri\PycharmProjects\pythonProject\Barcode\05102009225.jpg
112,C:\Users\vukri\PycharmProjects\pythonProject\Barcode\05102009226.jpg
113,C:\Users\vukri\PycharmProjects\pythonProject\Barcode\05102009227.jpg
114,C:\Users\vukri\PycharmProjects\pythonProject\Barcode\05102009228.jpg
115,C:\Users\vukri\PycharmProjects\pythonProject\Barcode\05102009229.jpg
116,C:\Users\vukri\PycharmProjects\pythonProject\Barcode\06102009240.jpg
117,C:\Users\vukri\PycharmProjects\pythonProject\Barcode\06102009241.jpg
118,C:\Users\vukri\PycharmProjects\pythonProject\Barcode\06102009242.jpg
119,C:\Users\vukri\PycharmProjects\pythonProject\Barcode\06102009243.jpg
120,C:\Users\vukri\PycharmProjects\pythonProject\Barcode\06102009244.jpg
121,C:\Users\vukri\PycharmProjects\pythonProject\Barcode\06102009245.jpg
122,C:\Users\vukri\PycharmProjects\pythonProject\Barcode\06102009246.jpg
123,C:\Users\vukri\PycharmProjects\pythonProject\Barcode\06102009247.jpg
124,C:\Users\vukri\PycharmProjects\pythonProject\Barcode\06102009248.jpg
125,C:\Users\vukri\PycharmProjects\pythonProject\Barcode\06102009249.jpg
126,C:\Users\vukri\PycharmProjects\pythonProject\Barcode\06102009250.jpg
127,C:\Users\vukri\PycharmProjects\pythonProject\Barcode\06102009251.jpg
128,C:\Users\vukri\PycharmProjects\pythonProject\Barcode\06102009252.jpg
129,C:\Users\vukri\PycharmProjects\pythonProject\Barcode\06102009253.jpg
130,C:\Users\vukri\PycharmProjects\pythonProject\Barcode\06102009255.jpg
131,C:\Users\vukri\PycharmProjects\pythonProject\Barcode\blurredimage001_jpg.rf.81a91b1fd9f2cb7d7f4a7ca28b55ce4d.jpg
132,C:\Users\vukri\PycharmProjects\pythonProject\Barcode\blurredimage002_jpg.rf.ccbdd1f8de0fbe6751c07709b737dea2.jpg
133,C:\Users\vukri\PycharmProjects\pythonProject\Barcode\blurredimage003_jpg.rf.7212b4a8c4c727e97f3fe1fd15f59433.jpg
134,C:\Users\vukri\PycharmProjects\pythonProject\Barcode\blurredimage004_jpg.rf.e3de985f64432db44accc146f9a16011.jpg
135,C:\Users\vukri\PycharmProjects\pythonProject\Barcode\blurredimage005_jpg.rf.8d6cc8246fdd40fda543ef691dce0dd1.jpg
136,C:\Users\vukri\PycharmProjects\pythonProject\Barcode\blurredimage006_jpg.rf.516294d4d2a9d2ff9161b946e01ca039.jpg
137,C:\Users\vukri\PycharmProjects\pythonProject\Barcode\blurredimage008_jpg.rf.4649364960dbf11cb86ee0d3029074de.jpg
138,C:\Users\vukri\PycharmProjects\pythonProject\Barcode\blurredimage009_jpg.rf.f61b307fd92122c92da75928dc3f6573.jpg
139,C:\Users\vukri\PycharmProjects\pythonProject\Barcode\blurredimage010_jpg.rf.0c7c6632dfed592e30fe7cfe05f712c9.jpg
140,C:\Users\vukri\PycharmProjects\pythonProject\Barcode\blurredimage011_jpg.rf.c1276fe063e07fadc70969fb2b76edc9.jpg
141,C:\Users\vukri\PycharmProjects\pythonProject\Barcode\blurredimage012_jpg.rf.96892a94cee3ab23abe04bfa1fd32b13.jpg
142,C:\Users\vukri\PycharmProjects\pythonProject\Barcode\blurredimage013_jpg.rf.aa35aaeda9d0120143bc0622250a2742.jpg
143,C:\Users\vukri\PycharmProjects\pythonProject\Barcode\blurredimage014_jpg.rf.3537a177bfe14804b10f4b393cc2160e.jpg
144,C:\Users\vukri\PycharmProjects\pythonProject\Barcode\blurredimage015_jpg.rf.e7d91b6c245629051b88e1352ca83625.jpg
145,C:\Users\vukri\PycharmProjects\pythonProject\Barcode\blurredimage016_jpg.rf.9534f7bf33fb0bb3fc0514486e33d7f1.jpg
146,C:\Users\vukri\PycharmProjects\pythonProject\Barcode\blurredimage017_jpg.rf.829003b004ef6db967f82244c3fb97ec.jpg
147,C:\Users\vukri\PycharmProjects\pythonProject\Barcode\blurredimage018_jpg.rf.3ebd306ad3823d8a63dc7038edce602c.jpg
148,C:\Users\vukri\PycharmProjects\pythonProject\Barcode\blurredimage019_jpg.rf.d24e9f8315aa81774bde359b0674e6a5.jpg
149,C:\Users\vukri\PycharmProjects\pythonProject\Barcode\blurredimage020_jpg.rf.90e406e95def9c72df196161263f660d.jpg
150,C:\Users\vukri\PycharmProjects\pythonProject\Barcode\blurredimage021_jpg.rf.0b4e28ebb7c0c0d6d1c09141565179d0.jpg
151,C:\Users\vukri\PycharmProjects\pythonProject\Barcode\blurredimage022_jpg.rf.e196eb3656d0801d4245caaa8a0ab36b.jpg
152,C:\Users\vukri\PycharmProjects\pythonProject\Barcode\blurredimage023_jpg.rf.2eed82d6994d165c3936611e942143b2.jpg
153,C:\Users\vukri\PycharmProjects\pythonProject\Barcode\blurredimage024_jpg.rf.16cbd03d417fdf8a3fba15d6abf98f0a.jpg
154,C:\Users\vukri\PycharmProjects\pythonProject\Barcode\blurredimage025_jpg.rf.ecb807201bad338e4e218307f259256c.jpg
155,C:\Users\vukri\PycharmProjects\pythonProject\Barcode\blurredimage026_jpg.rf.9f41cb33deb195f9cedf94d503063bd3.jpg
156,C:\Users\vukri\PycharmProjects\pythonProject\Barcode\blurredimage028_jpg.rf.2e7021c55dfd4cfb67b022cb2282b761.jpg
157,C:\Users\vukri\PycharmProjects\pythonProject\Barcode\blurredimage029_jpg.rf.eec03251e4c9cdd54fe259fa339c273a.jpg
158,C:\Users\vukri\PycharmProjects\pythonProject\Barcode\blurredimage030_jpg.rf.f0e55638a5c1cad025316816aa593aec.jpg
159,C:\Users\vukri\PycharmProjects\pythonProject\Barcode\blurredimage031_jpg.rf.82160b23a6cbbe6af3808b1d96745ae1.jpg
160,C:\Users\vukri\PycharmProjects\pythonProject\Barcode\blurredimage032_jpg.rf.6a9bb9a8454eb9d82fd2f78238fec01e.jpg
161,C:\Users\vukri\PycharmProjects\pythonProject\Barcode\blurredimage033_jpg.rf.7c439a22c307ba0c59b07404ff7436cb.jpg
162,C:\Users\vukri\PycharmProjects\pythonProject\Barcode\blurredimage034_jpg.rf.39e85bef190a8c5a7f57bec12488d878.jpg
163,C:\Users\vukri\PycharmProjects\pythonProject\Barcode\blurredimage035_jpg.rf.72d796596037569128e2a95c8d7730c7.jpg
164,C:\Users\vukri\PycharmProjects\pythonProject\Barcode\blurredimage037_jpg.rf.e72bb106f7782cc276d2e520c2fd9598.jpg
165,C:\Users\vukri\PycharmProjects\pythonProject\Barcode\blurredimage038_jpg.rf.88e8da81f6855d67ea97a87bdc0558be.jpg
166,C:\Users\vukri\PycharmProjects\pythonProject\Barcode\blurredimage039_jpg.rf.6f1eedaf4acf651185660ecba3ea9893.jpg
167,C:\Users\vukri\PycharmProjects\pythonProject\Barcode\blurredimage040_jpg.rf.e18d94cf4bb20c8c895846260bb4822e.jpg
168,C:\Users\vukri\PycharmProjects\pythonProject\Barcode\blurredimage041_jpg.rf.351bcebb8da8fceb8e8284b51750376e.jpg
169,C:\Users\vukri\PycharmProjects\pythonProject\Barcode\blurredimage042_jpg.rf.17a5ada1ae5f59c59b315d11dfe32769.jpg
170,C:\Users\vukri\PycharmProjects\pythonProject\Barcode\blurredimage043_jpg.rf.ab4837b428f5b6d59238434c2006dc2d.jpg
171,C:\Users\vukri\PycharmProjects\pythonProject\Barcode\blurredimage044_jpg.rf.951acf7e52c6c8d5bf9243b27a9768d0.jpg
172,C:\Users\vukri\PycharmProjects\pythonProject\Barcode\blurredimage045_jpg.rf.ffcec9d924f27b52789a5e5e237d3665.jpg
173,C:\Users\vukri\PycharmProjects\pythonProject\Barcode\bright_spotsimage001_jpg.rf.0ed4807b90fcbe600c0e3b6edd9f088f.jpg
174,C:\Users\vukri\PycharmProjects\pythonProject\Barcode\bright_spotsimage002_jpg.rf.97cd70326708a05d8a09a4202cca2fe3.jpg
175,C:\Users\vukri\PycharmProjects\pythonProject\Barcode\bright_spotsimage003_jpg.rf.5e8be5b1c396de127ecf2c1166fc8e1b.jpg
176,C:\Users\vukri\PycharmProjects\pythonProject\Barcode\bright_spotsimage004_jpg.rf.3dc95d4e60a10014c774745da7f8ba24.jpg
177,C:\Users\vukri\PycharmProjects\pythonProject\Barcode\bright_spotsimage005_jpg.rf.afc39b5cc1645284118349857c10564c.jpg
178,C:\Users\vukri\PycharmProjects\pythonProject\Barcode\bright_spotsimage006_jpg.rf.7595944b555987966b038b7bda07cdc7.jpg
179,C:\Users\vukri\PycharmProjects\pythonProject\Barcode\bright_spotsimage007_jpg.rf.27f7a112429b503ef19b483f45ce4358.jpg
180,C:\Users\vukri\PycharmProjects\pythonProject\Barcode\bright_spotsimage008_jpg.rf.20a50dd5d7363d7a8e79e4b006650cb1.jpg
181,C:\Users\vukri\PycharmProjects\pythonProject\Barcode\bright_spotsimage009_jpg.rf.e30cbe232dfe06c6353a9cac6c36115d.jpg
182,C:\Users\vukri\PycharmProjects\pythonProject\Barcode\bright_spotsimage010_jpg.rf.86a8b777d4565aaa957156329b62b37e.jpg
183,C:\Users\vukri\PycharmProjects\pythonProject\Barcode\bright_spotsimage011_jpg.rf.dc06e596b4e7b20ac4e8fbbfb74cc0ed.jpg
184,C:\Users\vukri\PycharmProjects\pythonProject\Barcode\bright_spotsimage012_jpg.rf.887b1b6c06f2248438b034fdd570e068.jpg
185,C:\Users\vukri\PycharmProjects\pythonProject\Barcode\bright_spotsimage013_jpg.rf.3245b5f34365917c774e529cff2b41f1.jpg
186,C:\Users\vukri\PycharmProjects\pythonProject\Barcode\bright_spotsimage014_jpg.rf.d7bab1b1e6e5de27138ec4016b7d0bfc.jpg
187,C:\Users\vukri\PycharmProjects\pythonProject\Barcode\bright_spotsimage015_jpg.rf.b2ece2749d76091bf8a27d485cfbb876.jpg
188,C:\Users\vukri\PycharmProjects\pythonProject\Barcode\bright_spotsimage016_jpg.rf.a852902d54e4c343081b2e86a07117bc.jpg
189,C:\Users\vukri\PycharmProjects\pythonProject\Barcode\bright_spotsimage017_jpg.rf.ccbec136345a8ea67c22a1bd34240314.jpg
190,C:\Users\vukri\PycharmProjects\pythonProject\Barcode\bright_spotsimage018_jpg.rf.fc24b34d45a22ca9b1eeb727868004fa.jpg
191,C:\Users\vukri\PycharmProjects\pythonProject\Barcode\bright_spotsimage019_jpg.rf.9a652769e0e9010f1ab6da8a508499d8.jpg
192,C:\Users\vukri\PycharmProjects\pythonProject\Barcode\bright_spotsimage020_jpg.rf.e976b93d4b97cbc6ec42f251a8bc3c21.jpg
193,C:\Users\vukri\PycharmProjects\pythonProject\Barcode\bright_spotsimage023_jpg.rf.807e914bbcd6517c4c6bc5e95b6914fe.jpg
194,C:\Users\vukri\PycharmProjects\pythonProject\Barcode\bright_spotsimage026_jpg.rf.5b0a59186696e9776f297967af1a87ca.jpg
195,C:\Users\vukri\PycharmProjects\pythonProject\Barcode\bright_spotsimage030_jpg.rf.c9fb0f655c72518f4d9893a06fc8e0a1.jpg
196,C:\Users\vukri\PycharmProjects\pythonProject\Barcode\bright_spotsimage031_jpg.rf.80a4967a9c9113009e8b7f7cdd1a2d9a.jpg
197,C:\Users\vukri\PycharmProjects\pythonProject\Barcode\bright_spotsimage032_jpg.rf.639d855697ab0ebc31898f86d70b8e94.jpg
198,C:\Users\vukri\PycharmProjects\pythonProject\Barcode\brightnessimage001_jpg.rf.d310d9e59b14faa58f49faf068f45099.jpg
199,C:\Users\vukri\PycharmProjects\pythonProject\Barcode\brightnessimage003_jpg.rf.64f57c8ba9392e2a68ce50800e1b767f.jpg
200,C:\Users\vukri\PycharmProjects\pythonProject\Barcode\brightnessimage004_jpg.rf.0aa6803a29fed11fd20d08adb0a05780.jpg
201,C:\Users\vukri\PycharmProjects\pythonProject\Barcode\brightnessimage005_jpg.rf.322511a3ead7b1ae5eff65d989ae712e.jpg
202,C:\Users\vukri\PycharmProjects\pythonProject\Barcode\brightnessimage006_jpg.rf.de95ce8d912e5b2b261a053f27f27b4d.jpg
203,C:\Users\vukri\PycharmProjects\pythonProject\Barcode\brightnessimage007_jpg.rf.81567f25e40de081ca2d593414dee671.jpg
204,C:\Users\vukri\PycharmProjects\pythonProject\Barcode\brightnessimage009_jpg.rf.883193b1d7ac19bc176f46a176b5627c.jpg
205,C:\Users\vukri\PycharmProjects\pythonProject\Barcode\brightnessimage010_jpg.rf.c53440b4c1b1430f86571e8fb21037f0.jpg
206,C:\Users\vukri\PycharmProjects\pythonProject\Barcode\brightnessimage011_jpg.rf.b1906279d0772e1da0c3b2012c571cc5.jpg
207,C:\Users\vukri\PycharmProjects\pythonProject\Barcode\brightnessimage012_jpg.rf.b60ac92acf6dd75a84885d80be37432d.jpg
208,C:\Users\vukri\PycharmProjects\pythonProject\Barcode\brightnessimage013_jpg.rf.2f45d338ece556207b17ffab924e737c.jpg
209,C:\Users\vukri\PycharmProjects\pythonProject\Barcode\brightnessimage014_jpg.rf.36d13a8a18d34233baaa6ccd2b070619.jpg
210,C:\Users\vukri\PycharmProjects\pythonProject\Barcode\brightnessimage015_jpg.rf.72846d27359a1c8dc8a1d0c00bac80b2.jpg
211,C:\Users\vukri\PycharmProjects\pythonProject\Barcode\brightnessimage016_jpg.rf.a3d51b209d05ac39576171bd5a74d5cc.jpg
212,C:\Users\vukri\PycharmProjects\pythonProject\Barcode\brightnessimage017_jpg.rf.cd3deb5e3a02936ccf542c9c48bc624f.jpg
213,C:\Users\vukri\PycharmProjects\pythonProject\Barcode\brightnessimage018_jpg.rf.de41c37c4151364c49fa61b33d0a35d5.jpg
214,C:\Users\vukri\PycharmProjects\pythonProject\Barcode\brightnessimage019_jpg.rf.4c26c38502d7694992bf85a52269df0f.jpg
215,C:\Users\vukri\PycharmProjects\pythonProject\Barcode\brightnessimage020_jpg.rf.669e95c07fca1a280712dc83e0f36f15.jpg
216,C:\Users\vukri\PycharmProjects\pythonProject\Barcode\brightnessimage021_jpg.rf.1919a3d523796776f4faec945b592472.jpg
217,C:\Users\vukri\PycharmProjects\pythonProject\Barcode\brightnessimage023_jpg.rf.d90e007c482eae3c0cbe6a1d70288ecd.jpg
218,C:\Users\vukri\PycharmProjects\pythonProject\Barcode\brightnessimage026_jpg.rf.9269582c9eb7dd77cd84088f14394eb7.jpg
219,C:\Users\vukri\PycharmProjects\pythonProject\Barcode\brightnessimage028_jpg.rf.c5feec3483c08b431db7b00d239898db.jpg
220,C:\Users\vukri\PycharmProjects\pythonProject\Barcode\closeimage002_jpg.rf.34b3e3299e8b4d1802fa3ebda1000395.jpg
221,C:\Users\vukri\PycharmProjects\pythonProject\Barcode\closeimage003_jpg.rf.a4eaa4a47872d49bd31ad96b81c1dad9.jpg
222,C:\Users\vukri\PycharmProjects\pythonProject\Barcode\closeimage004_jpg.rf.bbfc4e63cf48c4a9e6a6b4cb08777c30.jpg
223,C:\Users\vukri\PycharmProjects\pythonProject\Barcode\closeimage005_jpg.rf.2ccbf00bbefd992d9f444d4d30554772.jpg
224,C:\Users\vukri\PycharmProjects\pythonProject\Barcode\closeimage006_jpg.rf.76a71d624c4330c72b11c645dd669025.jpg
225,C:\Users\vukri\PycharmProjects\pythonProject\Barcode\closeimage007_jpg.rf.bf8acbf4335712e9d3c0f5443a8cc313.jpg
226,C:\Users\vukri\PycharmProjects\pythonProject\Barcode\closeimage008_jpg.rf.e222ae48b14384b1a82f23bfc9145825.jpg
227,C:\Users\vukri\PycharmProjects\pythonProject\Barcode\closeimage009_jpg.rf.b3b9026589a3eeaae7d951d019bcac9a.jpg
228,C:\Users\vukri\PycharmProjects\pythonProject\Barcode\closeimage010_jpg.rf.1c142bba60a1e2915fac81f0bf6b490e.jpg
229,C:\Users\vukri\PycharmProjects\pythonProject\Barcode\closeimage011_jpg.rf.66c3350354f28f4400d784792e436f5e.jpg
230,C:\Users\vukri\PycharmProjects\pythonProject\Barcode\closeimage012_jpg.rf.d76e3dacf31b8271082dc2424c8e7b9a.jpg
231,C:\Users\vukri\PycharmProjects\pythonProject\Barcode\closeimage013_jpg.rf.cfd7d05842aff701795c22862cbecf51.jpg
232,C:\Users\vukri\PycharmProjects\pythonProject\Barcode\closeimage014_jpg.rf.7b100840e9a222784c26df0634372650.jpg
233,C:\Users\vukri\PycharmProjects\pythonProject\Barcode\closeimage015_jpg.rf.5425ab633ecf782ad1a84fdcf2f3fcd6.jpg
234,C:\Users\vukri\PycharmProjects\pythonProject\Barcode\closeimage016_jpg.rf.a871984ec7e928ca36b8f74bdf30c2f1.jpg
235,C:\Users\vukri\PycharmProjects\pythonProject\Barcode\closeimage017_jpg.rf.6b3c726660a36dc2e81386f0821f7843.jpg
236,C:\Users\vukri\PycharmProjects\pythonProject\Barcode\closeimage018_jpg.rf.939e4c29a51a7987357eb5e52710549f.jpg
237,C:\Users\vukri\PycharmProjects\pythonProject\Barcode\closeimage019_jpg.rf.a45ce03cd2b41a541f03e6a899c78be0.jpg
238,C:\Users\vukri\PycharmProjects\pythonProject\Barcode\closeimage020_jpg.rf.5a0e26029edd20bfd8387fc825d3e949.jpg
239,C:\Users\vukri\PycharmProjects\pythonProject\Barcode\closeimage021_jpg.rf.6315a26a09ef7000a45a7639d43c4bc2.jpg
240,C:\Users\vukri\PycharmProjects\pythonProject\Barcode\closeimage022_jpg.rf.e525a5f3a2261830dbce71784484683d.jpg
241,C:\Users\vukri\PycharmProjects\pythonProject\Barcode\closeimage023_jpg.rf.3a7ffec1d7d1e4545f07c37bb10ed408.jpg
242,C:\Users\vukri\PycharmProjects\pythonProject\Barcode\closeimage024_jpg.rf.7f638bd4e7e410d0d52e45b94792383c.jpg
243,C:\Users\vukri\PycharmProjects\pythonProject\Barcode\closeimage025_jpg.rf.42b57803bbab4676a344d3448346b53f.jpg
244,C:\Users\vukri\PycharmProjects\pythonProject\Barcode\closeimage026_jpg.rf.1bcd5300429369bf23f1b625f7513748.jpg
245,C:\Users\vukri\PycharmProjects\pythonProject\Barcode\closeimage027_jpg.rf.f1163f56862183b8162aba2767692cab.jpg
246,C:\Users\vukri\PycharmProjects\pythonProject\Barcode\closeimage028_jpg.rf.38502240a68c3f890b5d0b3b48d205ad.jpg
247,C:\Users\vukri\PycharmProjects\pythonProject\Barcode\closeimage030_jpg.rf.874f9542520a2072d3b3433ce9c9a04d.jpg
248,C:\Users\vukri\PycharmProjects\pythonProject\Barcode\closeimage033_jpg.rf.a1c606a8c0c18dee043c3f3e9a9c4fbe.jpg
249,C:\Users\vukri\PycharmProjects\pythonProject\Barcode\closeimage036_jpg.rf.39c279ba3a3e50f16c918d197d4cc854.jpg
250,C:\Users\vukri\PycharmProjects\pythonProject\Barcode\closeimage040_jpg.rf.056345b9ec6325b0a307cfd454771c14.jpg
251,C:\Users\vukri\PycharmProjects\pythonProject\Barcode\curvedimage001_png.rf.f2e7fd703aecfc6ade318d6c284685fc.jpg
252,C:\Users\vukri\PycharmProjects\pythonProject\Barcode\curvedimage002_png.rf.320a84422723ec97f194af4b20c41976.jpg
253,C:\Users\vukri\PycharmProjects\pythonProject\Barcode\curvedimage003_png.rf.5137275e569403608b8c21506b038d9c.jpg
254,C:\Users\vukri\PycharmProjects\pythonProject\Barcode\curvedimage004_png.rf.5edaec8f3bbf6d9695790e5625e11433.jpg
255,C:\Users\vukri\PycharmProjects\pythonProject\Barcode\curvedimage005_png.rf.237670d19423492f082680c5d6240057.jpg
256,C:\Users\vukri\PycharmProjects\pythonProject\Barcode\curvedimage006_jpg.rf.4720add7d98956b83a9255ba91b38cea.jpg
257,C:\Users\vukri\PycharmProjects\pythonProject\Barcode\curvedimage007_jpg.rf.1337764431b2578821d24ca9c0050497.jpg
258,C:\Users\vukri\PycharmProjects\pythonProject\Barcode\curvedimage008_jpg.rf.6ad9ce2187f4bcd5e9aff16131cdbd92.jpg
259,C:\Users\vukri\PycharmProjects\pythonProject\Barcode\curvedimage009_jpg.rf.94e0810a5d7315d2c4a4481434efb505.jpg
260,C:\Users\vukri\PycharmProjects\pythonProject\Barcode\curvedimage010_jpg.rf.8518a078640fc425464fca528212dd80.jpg
261,C:\Users\vukri\PycharmProjects\pythonProject\Barcode\curvedimage011_jpg.rf.a5078f7ddb4f4431fde8e161ca33ff04.jpg
262,C:\Users\vukri\PycharmProjects\pythonProject\Barcode\curvedimage012_jpg.rf.238785d5eb4f04fb344a8ad2f81e1584.jpg
263,C:\Users\vukri\PycharmProjects\pythonProject\Barcode\curvedimage013_jpg.rf.d79ea64f39ad0a51fdb2e53a6e92529e.jpg
264,C:\Users\vukri\PycharmProjects\pythonProject\Barcode\curvedimage014_jpg.rf.26006cc326c3453ffb9b329f97a6458e.jpg
265,C:\Users\vukri\PycharmProjects\pythonProject\Barcode\curvedimage015_jpg.rf.1c696389ddfebc41e1e108ee516c2705.jpg
266,C:\Users\vukri\PycharmProjects\pythonProject\Barcode\curvedimage016_jpg.rf.230ed7895bae6933b55746ad630db233.jpg
267,C:\Users\vukri\PycharmProjects\pythonProject\Barcode\curvedimage017_jpg.rf.1ee79fafd6ce2c0371412df6ae77961e.jpg
268,C:\Users\vukri\PycharmProjects\pythonProject\Barcode\curvedimage018_jpg.rf.4c5f31c20b9d8aa4c21a61d964a467cf.jpg
269,C:\Users\vukri\PycharmProjects\pythonProject\Barcode\curvedimage019_jpg.rf.a4796923a488487b039ae33db4c96a3b.jpg
270,C:\Users\vukri\PycharmProjects\pythonProject\Barcode\curvedimage020_jpg.rf.97ba9559325d5db9fa53c28c325869a2.jpg
271,C:\Users\vukri\PycharmProjects\pythonProject\Barcode\curvedimage021_jpg.rf.d0699b70db1148658a141b45d7e28e52.jpg
272,C:\Users\vukri\PycharmProjects\pythonProject\Barcode\curvedimage022_jpg.rf.31707ecde7563626355af970e18ba6fc.jpg
273,C:\Users\vukri\PycharmProjects\pythonProject\Barcode\curvedimage023_jpg.rf.a75fc94969970d47fe2c96a2e65e43be.jpg
274,C:\Users\vukri\PycharmProjects\pythonProject\Barcode\curvedimage024_jpg.rf.1ca26ef36129efe8bfc7d747b4f8d3bc.jpg
275,C:\Users\vukri\PycharmProjects\pythonProject\Barcode\curvedimage025_jpg.rf.a0e6e0ee0187b6b3945c260d276fca16.jpg
276,C:\Users\vukri\PycharmProjects\pythonProject\Barcode\curvedimage026_jpg.rf.39b3cccf86dbd0bfe128768ebd07557c.jpg
277,C:\Users\vukri\PycharmProjects\pythonProject\Barcode\curvedimage027_jpg.rf.ae284aa93387951f331de37f05811dc0.jpg
278,C:\Users\vukri\PycharmProjects\pythonProject\Barcode\curvedimage028_jpg.rf.f5e0f0fae0e255608394491110e232e1.jpg
279,C:\Users\vukri\PycharmProjects\pythonProject\Barcode\curvedimage029_jpg.rf.130cf817c9f28ec25171062e65718ff0.jpg
280,C:\Users\vukri\PycharmProjects\pythonProject\Barcode\curvedimage030_jpg.rf.6d331bd0bedb0a786668e625b18d587b.jpg
281,C:\Users\vukri\PycharmProjects\pythonProject\Barcode\curvedimage031_jpg.rf.2fb1a9f3bcc94a398adbff60149097bb.jpg
282,C:\Users\vukri\PycharmProjects\pythonProject\Barcode\curvedimage032_jpg.rf.df2c225fc7e9e629d6226c24a28de374.jpg
283,C:\Users\vukri\PycharmProjects\pythonProject\Barcode\curvedimage033_jpg.rf.edaac659501ae0a50637dd587a491127.jpg
284,C:\Users\vukri\PycharmProjects\pythonProject\Barcode\curvedimage034_jpg.rf.0b71874ab95f7e782c49960f6d54a2ef.jpg
285,C:\Users\vukri\PycharmProjects\pythonProject\Barcode\curvedimage035_jpg.rf.813c5f1aa9ea5f9405d14e9439867594.jpg
286,C:\Users\vukri\PycharmProjects\pythonProject\Barcode\curvedimage036_jpg.rf.e0c3b07d54e1b674c9206e19a96f700b.jpg
287,C:\Users\vukri\PycharmProjects\pythonProject\Barcode\curvedimage037_jpg.rf.6d8acdc7fbb4183ed237d8e369f1323d.jpg
288,C:\Users\vukri\PycharmProjects\pythonProject\Barcode\curvedimage038_jpg.rf.94db1c65b96e93ffd580931f7ece6ebf.jpg
289,C:\Users\vukri\PycharmProjects\pythonProject\Barcode\curvedimage039_jpg.rf.b96e13ed2864243950a547393ec4c5a9.jpg
290,C:\Users\vukri\PycharmProjects\pythonProject\Barcode\curvedimage040_jpg.rf.7805eeb9d25ab927dd8a63aa802b6364.jpg
291,C:\Users\vukri\PycharmProjects\pythonProject\Barcode\curvedimage041_jpg.rf.c0be1b85879cf87ba7b3bb95ccd9d7c2.jpg
292,C:\Users\vukri\PycharmProjects\pythonProject\Barcode\curvedimage042_jpg.rf.b2598c006c6a9142c9bafd55eb1eee11.jpg
293,C:\Users\vukri\PycharmProjects\pythonProject\Barcode\curvedimage043_jpg.rf.ddc84484012c26292462020f0a281155.jpg
294,C:\Users\vukri\PycharmProjects\pythonProject\Barcode\curvedimage044_jpg.rf.7e74a7fbab7a63e6a3608c17da8ed4a1.jpg
295,C:\Users\vukri\PycharmProjects\pythonProject\Barcode\curvedimage047_jpg.rf.bf517a3b6bb17e0775cf40a7a8d32de7.jpg
296,C:\Users\vukri\PycharmProjects\pythonProject\Barcode\curvedimage048_jpg.rf.204546c29cbd3a4128d6be1dd7ee4c80.jpg
297,C:\Users\vukri\PycharmProjects\pythonProject\Barcode\curvedimage049_jpg.rf.3c5f2056a4793d7b689cabefaec686a7.jpg
298,C:\Users\vukri\PycharmProjects\pythonProject\Barcode\curvedimage050_jpg.rf.beeaa2db1521c8717a06d1259f2913dd.jpg
299,C:\Users\vukri\PycharmProjects\pythonProject\Barcode\damagedimage001_jpg.rf.02aafffe5d966714e3d64eba8c2e0916.jpg
300,C:\Users\vukri\PycharmProjects\pythonProject\Barcode\damagedimage002_jpg.rf.5c696993eba6644db207d79ffa4c2bbe.jpg
301,C:\Users\vukri\PycharmProjects\pythonProject\Barcode\damagedimage003_jpg.rf.a519de7c6bdd25debe56d09c19cda2d6.jpg
302,C:\Users\vukri\PycharmProjects\pythonProject\Barcode\damagedimage004_jpg.rf.a7199c8d068bda033876add37b7be974.jpg
303,C:\Users\vukri\PycharmProjects\pythonProject\Barcode\damagedimage005_jpg.rf.25d4b90a5597f6bcd5285c2fe60206ed.jpg
304,C:\Users\vukri\PycharmProjects\pythonProject\Barcode\damagedimage006_jpg.rf.1e7c37679238113b418b0003ccaa3a95.jpg
305,C:\Users\vukri\PycharmProjects\pythonProject\Barcode\damagedimage007_jpg.rf.d260fa6c59081342f69533473f30eba6.jpg
306,C:\Users\vukri\PycharmProjects\pythonProject\Barcode\damagedimage008_jpg.rf.9596cae76c789bbae97586d56a4b8553.jpg
307,C:\Users\vukri\PycharmProjects\pythonProject\Barcode\damagedimage009_jpg.rf.9b27f9109e917c6b577bbb5a8edea17e.jpg
308,C:\Users\vukri\PycharmProjects\pythonProject\Barcode\damagedimage010_jpg.rf.98a2af2da79c1da45bffd61cbfea7e2f.jpg
309,C:\Users\vukri\PycharmProjects\pythonProject\Barcode\damagedimage011_jpg.rf.ce7dc6966458ff436fccd9fef3a57773.jpg
310,C:\Users\vukri\PycharmProjects\pythonProject\Barcode\damagedimage012_jpg.rf.67c171074d496740a53d37ccf16f850d.jpg
311,C:\Users\vukri\PycharmProjects\pythonProject\Barcode\damagedimage013_jpg.rf.67757e0e9617d5ad526d1cc132056830.jpg
312,C:\Users\vukri\PycharmProjects\pythonProject\Barcode\damagedimage014_jpg.rf.831a465476e339d26ecfddab37a767fd.jpg
313,C:\Users\vukri\PycharmProjects\pythonProject\Barcode\damagedimage015_jpg.rf.43cafec3b8d45b4a224b71e17e7c40b0.jpg
314,C:\Users\vukri\PycharmProjects\pythonProject\Barcode\damagedimage016_jpg.rf.163eb1749989c03720c0ea210f713a07.jpg
315,C:\Users\vukri\PycharmProjects\pythonProject\Barcode\damagedimage017_jpg.rf.57c1dd06f7dcb2696615c55e26461e47.jpg
316,C:\Users\vukri\PycharmProjects\pythonProject\Barcode\damagedimage018_jpg.rf.81450f875e042ce579e3f389846f3470.jpg
317,C:\Users\vukri\PycharmProjects\pythonProject\Barcode\damagedimage019_jpg.rf.87dd2ab436de7af1df516c8c4c55325b.jpg
318,C:\Users\vukri\PycharmProjects\pythonProject\Barcode\damagedimage020_jpg.rf.c6e3bf5ec5e0b91638e18333f320704b.jpg
319,C:\Users\vukri\PycharmProjects\pythonProject\Barcode\damagedimage021_jpg.rf.74d78831bffaebff62074948ce507a16.jpg
320,C:\Users\vukri\PycharmProjects\pythonProject\Barcode\damagedimage023_jpg.rf.202b167b89fe0e8d589be3794dffad7f.jpg
321,C:\Users\vukri\PycharmProjects\pythonProject\Barcode\damagedimage024_jpg.rf.f90b60b48ce4e712b72c820b11a37a85.jpg
322,C:\Users\vukri\PycharmProjects\pythonProject\Barcode\damagedimage025_jpg.rf.3140026bae05c07b674061fb824e9c77.jpg
323,C:\Users\vukri\PycharmProjects\pythonProject\Barcode\damagedimage026_jpg.rf.0bc71c72d9ff83a9d628f0415f7e5afe.jpg
324,C:\Users\vukri\PycharmProjects\pythonProject\Barcode\damagedimage027_jpg.rf.1568941a9bdb043713c71b5108e876aa.jpg
325,C:\Users\vukri\PycharmProjects\pythonProject\Barcode\damagedimage028_jpg.rf.b3dfed63d6cc8999dff662a6194c538e.jpg
326,C:\Users\vukri\PycharmProjects\pythonProject\Barcode\damagedimage029_jpg.rf.e4dfa1b679a6e5f437dc13c443d931ec.jpg
327,C:\Users\vukri\PycharmProjects\pythonProject\Barcode\damagedimage030_jpg.rf.c0607554b1eaac3878de4699977f603e.jpg
328,C:\Users\vukri\PycharmProjects\pythonProject\Barcode\damagedimage031_jpg.rf.2500d1b3f6338700f9586cadafa20403.jpg
329,C:\Users\vukri\PycharmProjects\pythonProject\Barcode\damagedimage032_jpg.rf.9d6e5cefe1f11d97ade9fed86893ac0d.jpg
330,C:\Users\vukri\PycharmProjects\pythonProject\Barcode\damagedimage033_jpg.rf.5c4411af4e8a608fbbc31a28f402db19.jpg
331,C:\Users\vukri\PycharmProjects\pythonProject\Barcode\damagedimage034_jpg.rf.13cfcf09667ce1e6afa6756bef434d98.jpg
332,C:\Users\vukri\PycharmProjects\pythonProject\Barcode\damagedimage035_jpg.rf.8372d2315cb2829c6e0c9087f7f352fa.jpg
333,C:\Users\vukri\PycharmProjects\pythonProject\Barcode\damagedimage036_jpg.rf.fe9deab8d79d91b64ea83291c0162403.jpg
334,C:\Users\vukri\PycharmProjects\pythonProject\Barcode\damagedimage037_jpg.rf.4e45fd96caedb52e4b08dd13b515d8d2.jpg
335,C:\Users\vukri\PycharmProjects\pythonProject\Barcode\Foto(312).jpg
336,C:\Users\vukri\PycharmProjects\pythonProject\Barcode\Foto(406).jpg
337,C:\Users\vukri\PycharmProjects\pythonProject\Barcode\Foto(427).jpg
338,C:\Users\vukri\PycharmProjects\pythonProject\Barcode\Foto(477).jpg
339,C:\Users\vukri\PycharmProjects\pythonProject\Barcode\Foto(479).jpg
340,C:\Users\vukri\PycharmProjects\pythonProject\Barcode\Foto(481).jpg
341,C:\Users\vukri\PycharmProjects\pythonProject\Barcode\Foto(482).jpg
342,C:\Users\vukri\PycharmProjects\pythonProject\Barcode\Foto(483).jpg
343,C:\Users\vukri\PycharmProjects\pythonProject\Barcode\Foto(487).jpg
344,C:\Users\vukri\PycharmProjects\pythonProject\Barcode\Foto(495).jpg
345,C:\Users\vukri\PycharmProjects\pythonProject\Barcode\Foto(496).jpg
346,C:\Users\vukri\PycharmProjects\pythonProject\Barcode\Foto(501).jpg
347,C:\Users\vukri\PycharmProjects\pythonProject\Barcode\Foto(502).jpg
348,C:\Users\vukri\PycharmProjects\pythonProject\Barcode\Foto(503).jpg
349,C:\Users\vukri\PycharmProjects\pythonProject\Barcode\Foto(504).jpg
350,C:\Users\vukri\PycharmProjects\pythonProject\Barcode\Foto(505).jpg
351,C:\Users\vukri\PycharmProjects\pythonProject\Barcode\Foto(506).jpg
352,C:\Users\vukri\PycharmProjects\pythonProject\Barcode\Foto(507).jpg
353,C:\Users\vukri\PycharmProjects\pythonProject\Barcode\Foto(508).jpg
354,C:\Users\vukri\PycharmProjects\pythonProject\Barcode\Foto(510).jpg
355,C:\Users\vukri\PycharmProjects\pythonProject\Barcode\Foto(512).jpg
356,C:\Users\vukri\PycharmProjects\pythonProject\Barcode\Foto(515).jpg
357,C:\Users\vukri\PycharmProjects\pythonProject\Barcode\Foto(516).jpg
358,C:\Users\vukri\PycharmProjects\pythonProject\Barcode\Foto(518).jpg
359,C:\Users\vukri\PycharmProjects\pythonProject\Barcode\Foto(519).jpg
360,C:\Users\vukri\PycharmProjects\pythonProject\Barcode\Foto(533).jpg
361,C:\Users\vukri\PycharmProjects\pythonProject\Barcode\Foto(534).jpg
362,C:\Users\vukri\PycharmProjects\pythonProject\Barcode\Foto(535).jpg
363,C:\Users\vukri\PycharmProjects\pythonProject\Barcode\Foto(536).jpg
364,C:\Users\vukri\PycharmProjects\pythonProject\Barcode\Foto(537).jpg
365,C:\Users\vukri\PycharmProjects\pythonProject\Barcode\Foto(539).jpg
366,C:\Users\vukri\PycharmProjects\pythonProject\Barcode\Foto(542).jpg
367,C:\Users\vukri\PycharmProjects\pythonProject\Barcode\Foto(543).jpg
368,C:\Users\vukri\PycharmProjects\pythonProject\Barcode\Foto(546).jpg
369,C:\Users\vukri\PycharmProjects\pythonProject\Barcode\Foto(549).jpg
370,C:\Users\vukri\PycharmProjects\pythonProject\Barcode\Foto(550).jpg
371,C:\Users\vukri\PycharmProjects\pythonProject\Barcode\Foto(551).jpg
372,C:\Users\vukri\PycharmProjects\pythonProject\Barcode\Foto(552).jpg
373,C:\Users\vukri\PycharmProjects\pythonProject\Barcode\Foto(553).jpg
374,C:\Users\vukri\PycharmProjects\pythonProject\Barcode\Foto(555).jpg
375,C:\Users\vukri\PycharmProjects\pythonProject\Barcode\Foto(556).jpg
376,C:\Users\vukri\PycharmProjects\pythonProject\Barcode\Foto(558).jpg
377,C:\Users\vukri\PycharmProjects\pythonProject\Barcode\Foto(563).jpg
378,C:\Users\vukri\PycharmProjects\pythonProject\Barcode\Foto(567).jpg
379,C:\Users\vukri\PycharmProjects\pythonProject\Barcode\Foto(568).jpg
380,C:\Users\vukri\PycharmProjects\pythonProject\Barcode\Foto(573).jpg
381,C:\Users\vukri\PycharmProjects\pythonProject\Barcode\Foto(574).jpg
382,C:\Users\vukri\PycharmProjects\pythonProject\Barcode\Foto(675).jpg
383,C:\Users\vukri\PycharmProjects\pythonProject\Barcode\Foto(676).jpg
384,C:\Users\vukri\PycharmProjects\pythonProject\Barcode\Foto(677).jpg
385,C:\Users\vukri\PycharmProjects\pythonProject\Barcode\Foto(678).jpg
386,C:\Users\vukri\PycharmProjects\pythonProject\Barcode\Foto(679).jpg
387,C:\Users\vukri\PycharmProjects\pythonProject\Barcode\Foto(680).jpg
388,C:\Users\vukri\PycharmProjects\pythonProject\Barcode\Foto(681).jpg
389,C:\Users\vukri\PycharmProjects\pythonProject\Barcode\Foto(682).jpg
390,C:\Users\vukri\PycharmProjects\pythonProject\Barcode\Foto(683).jpg
391,C:\Users\vukri\PycharmProjects\pythonProject\Barcode\Foto(684).jpg
392,C:\Users\vukri\PycharmProjects\pythonProject\Barcode\Foto(685).jpg
393,C:\Users\vukri\PycharmProjects\pythonProject\Barcode\Foto(686).jpg
394,C:\Users\vukri\PycharmProjects\pythonProject\Barcode\Foto(687).jpg
395,C:\Users\vukri\PycharmProjects\pythonProject\Barcode\Foto(688).jpg
396,C:\Users\vukri\PycharmProjects\pythonProject\Barcode\Foto(689).jpg
397,C:\Users\vukri\PycharmProjects\pythonProject\Barcode\Foto(690).jpg
398,C:\Users\vukri\PycharmProjects\pythonProject\Barcode\Foto(691).jpg
399,C:\Users\vukri\PycharmProjects\pythonProject\Barcode\Foto(692).jpg
400,C:\Users\vukri\PycharmProjects\pythonProject\Barcode\Foto(693).jpg
401,C:\Users\vukri\PycharmProjects\pythonProject\Barcode\Foto(694).jpg
402,C:\Users\vukri\PycharmProjects\pythonProject\Barcode\Foto(695).jpg
403,C:\Users\vukri\PycharmProjects\pythonProject\Barcode\Foto(696).jpg
404,C:\Users\vukri\PycharmProjects\pythonProject\Barcode\Foto(697).jpg
405,C:\Users\vukri\PycharmProjects\pythonProject\Barcode\Foto(698).jpg
406,C:\Users\vukri\PycharmProjects\pythonProject\Barcode\Foto(700).jpg
407,C:\Users\vukri\PycharmProjects\pythonProject\Barcode\Foto(701).jpg
408,C:\Users\vukri\PycharmProjects\pythonProject\Barcode\Foto(702).jpg
409,C:\Users\vukri\PycharmProjects\pythonProject\Barcode\Foto(703).jpg
410,C:\Users\vukri\PycharmProjects\pythonProject\Barcode\Foto(704).jpg
411,C:\Users\vukri\PycharmProjects\pythonProject\Barcode\Foto(705).jpg
412,C:\Users\vukri\PycharmProjects\pythonProject\Barcode\Foto(706).jpg
413,C:\Users\vukri\PycharmProjects\pythonProject\Barcode\Foto(707).jpg
414,C:\Users\vukri\PycharmProjects\pythonProject\Barcode\Foto(708).jpg
415,C:\Users\vukri\PycharmProjects\pythonProject\Barcode\Foto(709).jpg
416,C:\Users\vukri\PycharmProjects\pythonProject\Barcode\Foto(710).jpg
417,C:\Users\vukri\PycharmProjects\pythonProject\Barcode\Foto(711).jpg
418,C:\Users\vukri\PycharmProjects\pythonProject\Barcode\Foto(712).jpg
419,C:\Users\vukri\PycharmProjects\pythonProject\Barcode\Foto(713).jpg
420,C:\Users\vukri\PycharmProjects\pythonProject\Barcode\Foto(714).jpg
421,C:\Users\vukri\PycharmProjects\pythonProject\Barcode\Foto(715).jpg
422,C:\Users\vukri\PycharmProjects\pythonProject\Barcode\Foto(716).jpg
423,C:\Users\vukri\PycharmProjects\pythonProject\Barcode\Foto(717).jpg
424,C:\Users\vukri\PycharmProjects\pythonProject\Barcode\Foto(718).jpg
425,C:\Users\vukri\PycharmProjects\pythonProject\Barcode\Foto(719).jpg
426,C:\Users\vukri\PycharmProjects\pythonProject\Barcode\Foto(720).jpg
427,C:\Users\vukri\PycharmProjects\pythonProject\Barcode\Foto(721).jpg
428,C:\Users\vukri\PycharmProjects\pythonProject\Barcode\Foto(722).jpg
429,C:\Users\vukri\PycharmProjects\pythonProject\Barcode\Foto(723).jpg
430,C:\Users\vukri\PycharmProjects\pythonProject\Barcode\Foto(724).jpg
431,C:\Users\vukri\PycharmProjects\pythonProject\Barcode\Foto(725).jpg
432,C:\Users\vukri\PycharmProjects\pythonProject\Barcode\Foto(726).jpg
433,C:\Users\vukri\PycharmProjects\pythonProject\Barcode\Foto(727).jpg
434,C:\Users\vukri\PycharmProjects\pythonProject\Barcode\Foto(728).jpg
435,C:\Users\vukri\PycharmProjects\pythonProject\Barcode\Foto(729).jpg
436,C:\Users\vukri\PycharmProjects\pythonProject\Barcode\Foto(730).jpg
437,C:\Users\vukri\PycharmProjects\pythonProject\Barcode\Foto(731).jpg
438,C:\Users\vukri\PycharmProjects\pythonProject\Barcode\Foto(732).jpg
439,C:\Users\vukri\PycharmProjects\pythonProject\Barcode\Foto(733).jpg
440,C:\Users\vukri\PycharmProjects\pythonProject\Barcode\Foto(734).jpg
441,C:\Users\vukri\PycharmProjects\pythonProject\Barcode\Foto(735).jpg
442,C:\Users\vukri\PycharmProjects\pythonProject\Barcode\Foto(736).jpg
443,C:\Users\vukri\PycharmProjects\pythonProject\Barcode\Foto(737).jpg
444,C:\Users\vukri\PycharmProjects\pythonProject\Barcode\Foto(738).jpg
445,C:\Users\vukri\PycharmProjects\pythonProject\Barcode\Foto(739).jpg
446,C:\Users\vukri\PycharmProjects\pythonProject\Barcode\Foto(740).jpg
447,C:\Users\vukri\PycharmProjects\pythonProject\Barcode\Foto(741).jpg
448,C:\Users\vukri\PycharmProjects\pythonProject\Barcode\Foto(742).jpg
449,C:\Users\vukri\PycharmProjects\pythonProject\Barcode\Foto(743).jpg
450,C:\Users\vukri\PycharmProjects\pythonProject\Barcode\Foto(744).jpg
451,C:\Users\vukri\PycharmProjects\pythonProject\Barcode\Foto(745).jpg
452,C:\Users\vukri\PycharmProjects\pythonProject\Barcode\Foto(746).jpg
453,C:\Users\vukri\PycharmProjects\pythonProject\Barcode\Foto(747).jpg
454,C:\Users\vukri\PycharmProjects\pythonProject\Barcode\Foto(749).jpg
455,C:\Users\vukri\PycharmProjects\pythonProject\Barcode\Foto(750).jpg
456,C:\Users\vukri\PycharmProjects\pythonProject\Barcode\Foto(751).jpg
457,C:\Users\vukri\PycharmProjects\pythonProject\Barcode\Foto(752).jpg
458,C:\Users\vukri\PycharmProjects\pythonProject\Barcode\Foto(753).jpg
459,C:\Users\vukri\PycharmProjects\pythonProject\Barcode\Foto(754).jpg
460,C:\Users\vukri\PycharmProjects\pythonProject\Barcode\Foto(755).jpg
461,C:\Users\vukri\PycharmProjects\pythonProject\Barcode\Foto(756).jpg
462,C:\Users\vukri\PycharmProjects\pythonProject\Barcode\Foto(757).jpg
463,C:\Users\vukri\PycharmProjects\pythonProject\Barcode\Foto(758).jpg
464,C:\Users\vukri\PycharmProjects\pythonProject\Barcode\Foto(759).jpg
465,C:\Users\vukri\PycharmProjects\pythonProject\Barcode\Foto(760).jpg
466,C:\Users\vukri\PycharmProjects\pythonProject\Barcode\Foto(761).jpg
467,C:\Users\vukri\PycharmProjects\pythonProject\Barcode\Foto(762).jpg
468,C:\Users\vukri\PycharmProjects\pythonProject\Barcode\Foto(763).jpg
469,C:\Users\vukri\PycharmProjects\pythonProject\Barcode\Foto(764).jpg
470,C:\Users\vukri\PycharmProjects\pythonProject\Barcode\Foto(765).jpg
471,C:\Users\vukri\PycharmProjects\pythonProject\Barcode\Foto(766).jpg
472,C:\Users\vukri\PycharmProjects\pythonProject\Barcode\Foto(767).jpg
473,C:\Users\vukri\PycharmProjects\pythonProject\Barcode\Foto(768).jpg
474,C:\Users\vukri\PycharmProjects\pythonProject\Barcode\Foto(769).jpg
475,C:\Users\vukri\PycharmProjects\pythonProject\Barcode\Foto(770).jpg
476,C:\Users\vukri\PycharmProjects\pythonProject\Barcode\Foto(771).jpg
477,C:\Users\vukri\PycharmProjects\pythonProject\Barcode\Foto(772).jpg
478,C:\Users\vukri\PycharmProjects\pythonProject\Barcode\Foto(773).jpg
479,C:\Users\vukri\PycharmProjects\pythonProject\Barcode\Foto(774).jpg
480,C:\Users\vukri\PycharmProjects\pythonProject\Barcode\Foto(775).jpg
481,C:\Users\vukri\PycharmProjects\pythonProject\Barcode\Foto(776).jpg
482,C:\Users\vukri\PycharmProjects\pythonProject\Barcode\Foto(777).jpg
483,C:\Users\vukri\PycharmProjects\pythonProject\Barcode\Foto(778).jpg
484,C:\Users\vukri\PycharmProjects\pythonProject\Barcode\Foto(779).jpg
485,C:\Users\vukri\PycharmProjects\pythonProject\Barcode\Foto(780).jpg
486,C:\Users\vukri\PycharmProjects\pythonProject\Barcode\Foto(781).jpg
487,C:\Users\vukri\PycharmProjects\pythonProject\Barcode\Foto(782).jpg
488,C:\Users\vukri\PycharmProjects\pythonProject\Barcode\Foto(783).jpg
489,C:\Users\vukri\PycharmProjects\pythonProject\Barcode\Foto(784).jpg
490,C:\Users\vukri\PycharmProjects\pythonProject\Barcode\Foto(785).jpg
491,C:\Users\vukri\PycharmProjects\pythonProject\Barcode\Foto(786).jpg
492,C:\Users\vukri\PycharmProjects\pythonProject\Barcode\Foto(787).jpg
493,C:\Users\vukri\PycharmProjects\pythonProject\Barcode\Foto(788).jpg
494,C:\Users\vukri\PycharmProjects\pythonProject\Barcode\Foto(789).jpg
495,C:\Users\vukri\PycharmProjects\pythonProject\Barcode\Foto(790).jpg
496,C:\Users\vukri\PycharmProjects\pythonProject\Barcode\Foto(791).jpg
497,C:\Users\vukri\PycharmProjects\pythonProject\Barcode\Foto(792).jpg
498,C:\Users\vukri\PycharmProjects\pythonProject\Barcode\Foto(793).jpg
499,C:\Users\vukri\PycharmProjects\pythonProject\Barcode\Foto(794).jpg
500,C:\Users\vukri\PycharmProjects\pythonProject\Barcode\Foto(795).jpg
501,C:\Users\vukri\PycharmProjects\pythonProject\Barcode\Foto(796).jpg
502,C:\Users\vukri\PycharmProjects\pythonProject\Barcode\Foto(798).jpg
503,C:\Users\vukri\PycharmProjects\pythonProject\Barcode\Foto(799).jpg
504,C:\Users\vukri\PycharmProjects\pythonProject\Barcode\Foto(800).jpg
505,C:\Users\vukri\PycharmProjects\pythonProject\Barcode\Foto(801).jpg
506,C:\Users\vukri\PycharmProjects\pythonProject\Barcode\Foto(802).jpg
507,C:\Users\vukri\PycharmProjects\pythonProject\Barcode\Foto(803).jpg
508,C:\Users\vukri\PycharmProjects\pythonProject\Barcode\Foto(804).jpg
509,C:\Users\vukri\PycharmProjects\pythonProject\Barcode\Foto(806).jpg
510,C:\Users\vukri\PycharmProjects\pythonProject\Barcode\Foto(811).jpg
511,C:\Users\vukri\PycharmProjects\pythonProject\Barcode\Foto(812).jpg
512,C:\Users\vukri\PycharmProjects\pythonProject\Barcode\Foto(814).jpg
513,C:\Users\vukri\PycharmProjects\pythonProject\Barcode\Foto(815).jpg
514,C:\Users\vukri\PycharmProjects\pythonProject\Barcode\Foto(816).jpg
515,C:\Users\vukri\PycharmProjects\pythonProject\Barcode\Foto(817).jpg
516,C:\Users\vukri\PycharmProjects\pythonProject\Barcode\Foto(818).jpg
517,C:\Users\vukri\PycharmProjects\pythonProject\Barcode\Foto(819).jpg
518,C:\Users\vukri\PycharmProjects\pythonProject\Barcode\Foto(820).jpg
519,C:\Users\vukri\PycharmProjects\pythonProject\Barcode\Foto(822).jpg
520,C:\Users\vukri\PycharmProjects\pythonProject\Barcode\Foto(823).jpg
521,C:\Users\vukri\PycharmProjects\pythonProject\Barcode\Foto(824).jpg
522,C:\Users\vukri\PycharmProjects\pythonProject\Barcode\Foto(825).jpg
523,C:\Users\vukri\PycharmProjects\pythonProject\Barcode\Foto(827).jpg
524,C:\Users\vukri\PycharmProjects\pythonProject\Barcode\Foto(828).jpg
525,C:\Users\vukri\PycharmProjects\pythonProject\Barcode\Foto(829).jpg
526,C:\Users\vukri\PycharmProjects\pythonProject\Barcode\Foto(830).jpg
527,C:\Users\vukri\PycharmProjects\pythonProject\Barcode\Foto(831).jpg
528,C:\Users\vukri\PycharmProjects\pythonProject\Barcode\Foto(835).jpg
529,C:\Users\vukri\PycharmProjects\pythonProject\Barcode\Foto(836).jpg
530,C:\Users\vukri\PycharmProjects\pythonProject\Barcode\Foto(837).jpg
531,C:\Users\vukri\PycharmProjects\pythonProject\Barcode\Foto(839).jpg
532,C:\Users\vukri\PycharmProjects\pythonProject\Barcode\Foto(840).jpg
533,C:\Users\vukri\PycharmProjects\pythonProject\Barcode\Foto(842).jpg
534,C:\Users\vukri\PycharmProjects\pythonProject\Barcode\Foto(843).jpg
535,C:\Users\vukri\PycharmProjects\pythonProject\Barcode\Foto(844).jpg
536,C:\Users\vukri\PycharmProjects\pythonProject\Barcode\Foto(845).jpg
537,C:\Users\vukri\PycharmProjects\pythonProject\Barcode\Foto(846).jpg
538,C:\Users\vukri\PycharmProjects\pythonProject\Barcode\Foto(847).jpg
539,C:\Users\vukri\PycharmProjects\pythonProject\Barcode\Foto(848).jpg
540,C:\Users\vukri\PycharmProjects\pythonProject\Barcode\Foto(849).jpg
541,C:\Users\vukri\PycharmProjects\pythonProject\Barcode\Foto(850).jpg
542,C:\Users\vukri\PycharmProjects\pythonProject\Barcode\Foto(851).jpg
543,C:\Users\vukri\PycharmProjects\pythonProject\Barcode\Foto(852).jpg
544,C:\Users\vukri\PycharmProjects\pythonProject\Barcode\Foto(853).jpg
545,C:\Users\vukri\PycharmProjects\pythonProject\Barcode\Foto(854).jpg
546,C:\Users\vukri\PycharmProjects\pythonProject\Barcode\Foto(858).jpg
547,C:\Users\vukri\PycharmProjects\pythonProject\Barcode\glareimage001_jpg.rf.2d00e5f617b48a55f3566b97bb6cb849.jpg
548,C:\Users\vukri\PycharmProjects\pythonProject\Barcode\glareimage002_jpg.rf.65be8e1bbc3da53cfd8d67ee1332829c.jpg
549,C:\Users\vukri\PycharmProjects\pythonProject\Barcode\glareimage003_jpg.rf.2ffa540ff691b7fd728c7f1d7dcf43ad.jpg
550,C:\Users\vukri\PycharmProjects\pythonProject\Barcode\glareimage004_jpg.rf.9581a52d6fd4923ff3f593034913c47f.jpg
551,C:\Users\vukri\PycharmProjects\pythonProject\Barcode\glareimage006_jpg.rf.16f56304890ce2a93ddc86b70329bebe.jpg
552,C:\Users\vukri\PycharmProjects\pythonProject\Barcode\glareimage007_jpg.rf.cffcf6f099419c630a2f73b6849d2f51.jpg
553,C:\Users\vukri\PycharmProjects\pythonProject\Barcode\glareimage008_jpg.rf.b604d6ba98065caca49ba680eda12d25.jpg
554,C:\Users\vukri\PycharmProjects\pythonProject\Barcode\glareimage010_jpg.rf.178c7a62fd006582b02786f31b69eaa5.jpg
555,C:\Users\vukri\PycharmProjects\pythonProject\Barcode\glareimage011_jpg.rf.cb6e601fdc2bd46c83bc1d77ad5260c6.jpg
556,C:\Users\vukri\PycharmProjects\pythonProject\Barcode\glareimage012_jpg.rf.65554a11afc0755737aa1a5dc959b8ab.jpg
557,C:\Users\vukri\PycharmProjects\pythonProject\Barcode\glareimage013_jpg.rf.d0c45fcafe839ed43b48392de0d8e37b.jpg
558,C:\Users\vukri\PycharmProjects\pythonProject\Barcode\glareimage014_jpg.rf.e0d87dbee812f1280bd4a0b29eeb117a.jpg
559,C:\Users\vukri\PycharmProjects\pythonProject\Barcode\glareimage016_jpg.rf.a31692225d1c738d1c7622569cb4758a.jpg
560,C:\Users\vukri\PycharmProjects\pythonProject\Barcode\glareimage017_jpg.rf.da8f7fe8100e5bf4a31ba0104a97a2f9.jpg
561,C:\Users\vukri\PycharmProjects\pythonProject\Barcode\glareimage018_jpg.rf.8421c700eaaf127c5e64e37e496f4dcd.jpg
562,C:\Users\vukri\PycharmProjects\pythonProject\Barcode\glareimage019_jpg.rf.de1bcfe3688888a37cc618f3d0ddfb63.jpg
563,C:\Users\vukri\PycharmProjects\pythonProject\Barcode\glareimage020_jpg.rf.7b688bba1040297cf7abf349912cf93c.jpg
564,C:\Users\vukri\PycharmProjects\pythonProject\Barcode\glareimage021_jpg.rf.2cc2d213dd61957fc36e62ceb6a0a9a7.jpg
565,C:\Users\vukri\PycharmProjects\pythonProject\Barcode\glareimage022_jpg.rf.19a1474b510f26cf5df80f25c5942955.jpg
566,C:\Users\vukri\PycharmProjects\pythonProject\Barcode\glareimage023_jpg.rf.bf17325ddd842ca4e4d16769a1505e1a.jpg
567,C:\Users\vukri\PycharmProjects\pythonProject\Barcode\glareimage024_jpg.rf.49e65569139b648841386b7be15f6e7c.jpg
568,C:\Users\vukri\PycharmProjects\pythonProject\Barcode\glareimage025_jpg.rf.03259017c1df3a4ef2149f6b6b890d62.jpg
569,C:\Users\vukri\PycharmProjects\pythonProject\Barcode\glareimage026_jpg.rf.d20b648ae20257e6d9c492ceda79fde2.jpg
570,C:\Users\vukri\PycharmProjects\pythonProject\Barcode\glareimage027_jpg.rf.9ab74f6e4a47dfb0c72bad2d13d14492.jpg
571,C:\Users\vukri\PycharmProjects\pythonProject\Barcode\glareimage028_jpg.rf.538e3bcfb04f942899bcde728209ab44.jpg
572,C:\Users\vukri\PycharmProjects\pythonProject\Barcode\glareimage029_jpg.rf.31e76e74179c69589843682acaa46cfd.jpg
573,C:\Users\vukri\PycharmProjects\pythonProject\Barcode\glareimage030_jpg.rf.dd3cc5d14fce44ecaa28dfc2cf0f88f3.jpg
574,C:\Users\vukri\PycharmProjects\pythonProject\Barcode\glareimage031_jpg.rf.b8745489fd5512d2dfb5f58deb4b0321.jpg
575,C:\Users\vukri\PycharmProjects\pythonProject\Barcode\glareimage032_jpg.rf.d2acce45cdd7eec9c4975e7a331ba526.jpg
576,C:\Users\vukri\PycharmProjects\pythonProject\Barcode\glareimage033_jpg.rf.8ee8bc5768a3c3f91d7067c798b88079.jpg
577,C:\Users\vukri\PycharmProjects\pythonProject\Barcode\glareimage034_jpg.rf.f8e703d9c42b949ec082c19022a5daf0.jpg
578,C:\Users\vukri\PycharmProjects\pythonProject\Barcode\glareimage035_jpg.rf.7314f5979bf51e39a9d35800e0401d99.jpg
579,C:\Users\vukri\PycharmProjects\pythonProject\Barcode\glareimage036_jpg.rf.df766d880b248a0a27a44ad2989ca562.jpg
580,C:\Users\vukri\PycharmProjects\pythonProject\Barcode\glareimage037_jpg.rf.7308b85a461aae9d2b81a36fe4b9d002.jpg
581,C:\Users\vukri\PycharmProjects\pythonProject\Barcode\glareimage038_jpg.rf.139db93eaf6b4d28b33b25ce56f0e4a4.jpg
582,C:\Users\vukri\PycharmProjects\pythonProject\Barcode\glareimage039_jpg.rf.190eca71217946851c5654c6bbc4404f.jpg
583,C:\Users\vukri\PycharmProjects\pythonProject\Barcode\glareimage040_jpg.rf.5acb85214875c8452d5f8366c52043de.jpg
584,C:\Users\vukri\PycharmProjects\pythonProject\Barcode\glareimage041_jpg.rf.56497f408f1bf8b942c9f8322be10ccd.jpg
585,C:\Users\vukri\PycharmProjects\pythonProject\Barcode\glareimage042_jpg.rf.d9aede11a557f17849c84dff49eb1984.jpg
586,C:\Users\vukri\PycharmProjects\pythonProject\Barcode\glareimage043_jpg.rf.e567d740557a88498d5a5068cdf0e6cb.jpg
587,C:\Users\vukri\PycharmProjects\pythonProject\Barcode\glareimage044_jpg.rf.665da9bf7e32fcfe3f97c2cf150fcce6.jpg
588,C:\Users\vukri\PycharmProjects\pythonProject\Barcode\glareimage045_jpg.rf.f46a05e4cd23ea133f2f5f0134fcc6b5.jpg
589,C:\Users\vukri\PycharmProjects\pythonProject\Barcode\glareimage046_jpg.rf.c330deba88841791bdaa269d7f67d827.jpg
590,C:\Users\vukri\PycharmProjects\pythonProject\Barcode\glareimage047_jpg.rf.d5ba312aff5bd49ed61cf83f899fbf56.jpg
591,C:\Users\vukri\PycharmProjects\pythonProject\Barcode\glareimage048_jpg.rf.e62493c2e070f8ce466eb1b165378a02.jpg
592,C:\Users\vukri\PycharmProjects\pythonProject\Barcode\glareimage049_jpg.rf.28702717477afcae0670461affe125c1.jpg
593,C:\Users\vukri\PycharmProjects\pythonProject\Barcode\glareimage050_jpg.rf.92701a7d4d74c79c785e5c450c4ac37b.jpg
594,C:\Users\vukri\PycharmProjects\pythonProject\Barcode\high_versionimage000_jpg.rf.0152e57394babffc801eb1a85d738335.jpg
595,C:\Users\vukri\PycharmProjects\pythonProject\Barcode\high_versionimage001_jpg.rf.3b45db62e86ef3727156c441ec7acdcd.jpg
596,C:\Users\vukri\PycharmProjects\pythonProject\Barcode\high_versionimage002_jpg.rf.916b0ea407d7cb8ab4acf9adc7afb41a.jpg
597,C:\Users\vukri\PycharmProjects\pythonProject\Barcode\high_versionimage003_jpg.rf.cd16a3c250a36a34818e41357a28bba5.jpg
598,C:\Users\vukri\PycharmProjects\pythonProject\Barcode\high_versionimage004_jpg.rf.ccb5cfae02fee92c66fb4db3745adc7c.jpg
599,C:\Users\vukri\PycharmProjects\pythonProject\Barcode\high_versionimage005_jpg.rf.f9559790aa0a018dcba3bed1ec085894.jpg
600,C:\Users\vukri\PycharmProjects\pythonProject\Barcode\high_versionimage006_jpg.rf.4ce7a372076523e17d68e45e97b8f030.jpg
601,C:\Users\vukri\PycharmProjects\pythonProject\Barcode\high_versionimage007_jpg.rf.e1e7c6b0a68f0593509dc3fff9f61ca4.jpg
602,C:\Users\vukri\PycharmProjects\pythonProject\Barcode\high_versionimage008_jpg.rf.8e46af73a6b40e601cb9232421a44529.jpg
603,C:\Users\vukri\PycharmProjects\pythonProject\Barcode\high_versionimage009_jpg.rf.ebbf9b159de6e0b34c31eebfdc9af8af.jpg
604,C:\Users\vukri\PycharmProjects\pythonProject\Barcode\high_versionimage010_jpg.rf.40b100311b0081b89726f764487968b2.jpg
605,C:\Users\vukri\PycharmProjects\pythonProject\Barcode\high_versionimage011_jpg.rf.35cc3c9c446e9bdb4b2674185f40b5ff.jpg
606,C:\Users\vukri\PycharmProjects\pythonProject\Barcode\high_versionimage012_jpg.rf.895132c9b5fa77611a2f9ceb2d72a25c.jpg
607,C:\Users\vukri\PycharmProjects\pythonProject\Barcode\high_versionimage013_jpg.rf.825419edc5a7ef852a7fcacae0f30b63.jpg
608,C:\Users\vukri\PycharmProjects\pythonProject\Barcode\high_versionimage014_jpg.rf.b0fa1e9c2f8702c433a6f33585b6c044.jpg
609,C:\Users\vukri\PycharmProjects\pythonProject\Barcode\high_versionimage015_jpg.rf.5ed05693ff46edf759de67fde8e76f8b.jpg
610,C:\Users\vukri\PycharmProjects\pythonProject\Barcode\high_versionimage016_jpg.rf.8274612f6e071b8057e5a89d95fa2690.jpg
611,C:\Users\vukri\PycharmProjects\pythonProject\Barcode\high_versionimage017_jpg.rf.fb2d9246e2c56d503da5efdd6278d70e.jpg
612,C:\Users\vukri\PycharmProjects\pythonProject\Barcode\high_versionimage018_jpg.rf.cf045c21d2ea105183048587461b3c9c.jpg
613,C:\Users\vukri\PycharmProjects\pythonProject\Barcode\high_versionimage019_jpg.rf.f79f483e94d9bc230b79629596fb8b18.jpg
614,C:\Users\vukri\PycharmProjects\pythonProject\Barcode\high_versionimage020_jpg.rf.3452432e067bbe3f45fb020aa3d62c4c.jpg
615,C:\Users\vukri\PycharmProjects\pythonProject\Barcode\high_versionimage021_jpg.rf.cb718f7c431b8bfcd8af952b96a5d00d.jpg
616,C:\Users\vukri\PycharmProjects\pythonProject\Barcode\high_versionimage022_jpg.rf.01e09346d8a48b6d7806d2fe6381c0d0.jpg
617,C:\Users\vukri\PycharmProjects\pythonProject\Barcode\high_versionimage023_jpg.rf.c57c8d505f2a3ec2f2a45c229a8ff42e.jpg
618,C:\Users\vukri\PycharmProjects\pythonProject\Barcode\high_versionimage024_jpg.rf.61580624f9dccd8195a69685f2e410f8.jpg
619,C:\Users\vukri\PycharmProjects\pythonProject\Barcode\high_versionimage025_jpg.rf.eef08f62ca6f58ee44799a923ada55c5.jpg
620,C:\Users\vukri\PycharmProjects\pythonProject\Barcode\high_versionimage026_jpg.rf.d5b65880982cec4c2a94dd49bbfaa679.jpg
621,C:\Users\vukri\PycharmProjects\pythonProject\Barcode\high_versionimage027_jpg.rf.3b5d305e0960ba0a015d066a4db15665.jpg
622,C:\Users\vukri\PycharmProjects\pythonProject\Barcode\high_versionimage028_jpg.rf.7d0d6031afd57a0be253ebfe118349db.jpg
623,C:\Users\vukri\PycharmProjects\pythonProject\Barcode\high_versionimage029_jpg.rf.f6a89487877882c540986d5b4e69b4f0.jpg
624,C:\Users\vukri\PycharmProjects\pythonProject\Barcode\high_versionimage030_jpg.rf.3e0d55d908adadf23be8b0d25e8ff98b.jpg
625,C:\Users\vukri\PycharmProjects\pythonProject\Barcode\high_versionimage031_jpg.rf.f71079ad9a0e53d6a9745d6afab59f6e.jpg
626,C:\Users\vukri\PycharmProjects\pythonProject\Barcode\high_versionimage032_jpg.rf.3e3834a7d53230fce593e5f019eb4fee.jpg
627,C:\Users\vukri\PycharmProjects\pythonProject\Barcode\lotsimage001_jpg.rf.5b77313885a17fdce67dbca7c5849cf3.jpg
628,C:\Users\vukri\PycharmProjects\pythonProject\Barcode\lotsimage002_jpg.rf.d4815893397366854b0ed7547a16dcf6.jpg
629,C:\Users\vukri\PycharmProjects\pythonProject\Barcode\lotsimage003_jpg.rf.a6c50675815275326ead8861f5c8d752.jpg
630,C:\Users\vukri\PycharmProjects\pythonProject\Barcode\lotsimage004_jpg.rf.a681ecbabbb8338d25439717da56e22f.jpg
631,C:\Users\vukri\PycharmProjects\pythonProject\Barcode\lotsimage005_jpg.rf.02c0905ce25a63e092cf3805c4a56ce5.jpg
632,C:\Users\vukri\PycharmProjects\pythonProject\Barcode\lotsimage006_jpg.rf.15905a53853ae04c1cc8ba14cbcb8c09.jpg
633,C:\Users\vukri\PycharmProjects\pythonProject\Barcode\lotsimage007_jpg.rf.7fb9b6129bef73cac2640c8ce69283e0.jpg
634,C:\Users\vukri\PycharmProjects\pythonProject\Barcode\monitorimage002_jpg.rf.e9f76adeb359ddcf691f9eeae94c024c.jpg
635,C:\Users\vukri\PycharmProjects\pythonProject\Barcode\monitorimage003_jpg.rf.82b10da38620df3890886ff752d79eff.jpg
636,C:\Users\vukri\PycharmProjects\pythonProject\Barcode\monitorimage004_jpg.rf.57e5e4790f76fc068e51b0133b5e304b.jpg
637,C:\Users\vukri\PycharmProjects\pythonProject\Barcode\monitorimage005_jpg.rf.f29b158ae932628f0588d139b005c035.jpg
638,C:\Users\vukri\PycharmProjects\pythonProject\Barcode\monitorimage006_jpg.rf.60f959b534ffc1399b59392a9611f241.jpg
639,C:\Users\vukri\PycharmProjects\pythonProject\Barcode\monitorimage007_jpg.rf.8d90689b6a8cf53cc1c14b01b8eb29e7.jpg
640,C:\Users\vukri\PycharmProjects\pythonProject\Barcode\monitorimage008_jpg.rf.6f42b4bc96aae00a8bad45e8fe281312.jpg
641,C:\Users\vukri\PycharmProjects\pythonProject\Barcode\monitorimage009_jpg.rf.74a0e4a9f07e3c1268dd58e338514a03.jpg
642,C:\Users\vukri\PycharmProjects\pythonProject\Barcode\monitorimage010_jpg.rf.faac2c80471d107a49206065528ed2ef.jpg
643,C:\Users\vukri\PycharmProjects\pythonProject\Barcode\monitorimage011_jpg.rf.3b55d6e37c6765dd3a9f4cf50948c42e.jpg
644,C:\Users\vukri\PycharmProjects\pythonProject\Barcode\monitorimage012_jpg.rf.ae374161f81891394d604e8a876c2ff5.jpg
645,C:\Users\vukri\PycharmProjects\pythonProject\Barcode\monitorimage013_jpg.rf.7636bbafc2ef911f81c6eec68266d3b6.jpg
646,C:\Users\vukri\PycharmProjects\pythonProject\Barcode\monitorimage014_jpg.rf.70de081eda0309277d625fc188e9e2bb.jpg
647,C:\Users\vukri\PycharmProjects\pythonProject\Barcode\monitorimage015_jpg.rf.242ab966a1d45402f37aa525f5c8780b.jpg
648,C:\Users\vukri\PycharmProjects\pythonProject\Barcode\monitorimage016_jpg.rf.cec1461e113526bfff63d99c04b8ce5c.jpg
649,C:\Users\vukri\PycharmProjects\pythonProject\Barcode\monitorimage017_jpg.rf.0e0e03f4e7602b78ea6b6e67f6459c25.jpg
650,C:\Users\vukri\PycharmProjects\pythonProject\Barcode\nominalimage001_jpg.rf.5874c66d2e9509ac12a0602d3427dd43.jpg
651,C:\Users\vukri\PycharmProjects\pythonProject\Barcode\nominalimage002_jpg.rf.90af97e8fafa54202520a2231b9f8b4f.jpg
652,C:\Users\vukri\PycharmProjects\pythonProject\Barcode\nominalimage003_jpg.rf.11d36ac61d954fd85ba33e9570e248f9.jpg
653,C:\Users\vukri\PycharmProjects\pythonProject\Barcode\nominalimage004_jpg.rf.0764dc73a584184965ead0ba11cfc28d.jpg
654,C:\Users\vukri\PycharmProjects\pythonProject\Barcode\nominalimage005_jpg.rf.64335c2beb35536e4fce964121020063.jpg
655,C:\Users\vukri\PycharmProjects\pythonProject\Barcode\nominalimage006_jpg.rf.ff63f0596a13f572aa711a580512b25e.jpg
656,C:\Users\vukri\PycharmProjects\pythonProject\Barcode\nominalimage007_jpg.rf.e07cac589a6851dc2195525541884700.jpg
657,C:\Users\vukri\PycharmProjects\pythonProject\Barcode\nominalimage008_jpg.rf.7078100a44012f1913eaa6381fad4407.jpg
658,C:\Users\vukri\PycharmProjects\pythonProject\Barcode\nominalimage009_jpg.rf.e53e5c5b95fd45ab83fa6c01d274340d.jpg
659,C:\Users\vukri\PycharmProjects\pythonProject\Barcode\nominalimage010_jpg.rf.077d3e2be62005e9d9d0218e3e9fc80d.jpg
660,C:\Users\vukri\PycharmProjects\pythonProject\Barcode\nominalimage011_jpg.rf.21a060618db4a85156ae533155794b70.jpg
661,C:\Users\vukri\PycharmProjects\pythonProject\Barcode\nominalimage012_jpg.rf.afda7bb20fd74bb70188d1424f8b2171.jpg
662,C:\Users\vukri\PycharmProjects\pythonProject\Barcode\nominalimage013_jpg.rf.a00f272a60533eefe3c6d772c1075189.jpg
663,C:\Users\vukri\PycharmProjects\pythonProject\Barcode\nominalimage014_jpg.rf.c8a5523ee6e7689d3c5fbb010db9991a.jpg
664,C:\Users\vukri\PycharmProjects\pythonProject\Barcode\nominalimage015_jpg.rf.1e7cdda9b9bf460cbdca8a6ee508303e.jpg
665,C:\Users\vukri\PycharmProjects\pythonProject\Barcode\nominalimage016_jpg.rf.2a0a302a4396d185dc7881e42d70ee61.jpg
666,C:\Users\vukri\PycharmProjects\pythonProject\Barcode\nominalimage017_jpg.rf.d3f0a3fee5a1a77d35acfe24434263e5.jpg
667,C:\Users\vukri\PycharmProjects\pythonProject\Barcode\nominalimage018_jpg.rf.cac90a26137d6c63e799ce1e4150f0d6.jpg
668,C:\Users\vukri\PycharmProjects\pythonProject\Barcode\nominalimage019_jpg.rf.1f5addc15f6030bcdc3c6a99e110bc1e.jpg
669,C:\Users\vukri\PycharmProjects\pythonProject\Barcode\nominalimage020_jpg.rf.b1e2b34f406a97558004c8c2552e9139.jpg
670,C:\Users\vukri\PycharmProjects\pythonProject\Barcode\nominalimage021_jpg.rf.67ff1b8cd6296e749dc6d11814dd4ba2.jpg
671,C:\Users\vukri\PycharmProjects\pythonProject\Barcode\nominalimage022_jpg.rf.5b96741c30d14cb4ba2fb14485c22220.jpg
672,C:\Users\vukri\PycharmProjects\pythonProject\Barcode\nominalimage023_jpg.rf.f7d585f2f2fa29f4ab73b3011a0a869d.jpg
673,C:\Users\vukri\PycharmProjects\pythonProject\Barcode\nominalimage024_jpg.rf.8ec3363e8efc9810ad8e57b3c2c07253.jpg
674,C:\Users\vukri\PycharmProjects\pythonProject\Barcode\nominalimage025_jpg.rf.a8b053b97e63ad90916ab711be72bbc1.jpg
675,C:\Users\vukri\PycharmProjects\pythonProject\Barcode\nominalimage027_jpg.rf.ae6a1c90a1a34bee5b2643bfedb590a8.jpg
676,C:\Users\vukri\PycharmProjects\pythonProject\Barcode\nominalimage029_jpg.rf.1408a80dae822ae9f6c3bc5bf5d96b76.jpg
677,C:\Users\vukri\PycharmProjects\pythonProject\Barcode\nominalimage030_jpg.rf.7fe13b7d5935aed3cce2d0adac7b8b92.jpg
678,C:\Users\vukri\PycharmProjects\pythonProject\Barcode\nominalimage032_jpg.rf.ce36dfb392b2a911c0941ba73a5da4e6.jpg
679,C:\Users\vukri\PycharmProjects\pythonProject\Barcode\nominalimage033_jpg.rf.0ceea69016faf9012ce131333773c08e.jpg
680,C:\Users\vukri\PycharmProjects\pythonProject\Barcode\nominalimage034_jpg.rf.8643ef31b3954a1d0e58e389f9d0d5be.jpg
681,C:\Users\vukri\PycharmProjects\pythonProject\Barcode\nominalimage035_jpg.rf.d37849e2b823553c4618942a8dc83d94.jpg
682,C:\Users\vukri\PycharmProjects\pythonProject\Barcode\nominalimage036_jpg.rf.7afbadf22422c2a7539749e3827dfb51.jpg
683,C:\Users\vukri\PycharmProjects\pythonProject\Barcode\nominalimage037_jpg.rf.fd8d26da316c51d339f048d29a3e1356.jpg
684,C:\Users\vukri\PycharmProjects\pythonProject\Barcode\nominalimage038_jpg.rf.4c6bf550eb3661326a04f127b9e31d66.jpg
685,C:\Users\vukri\PycharmProjects\pythonProject\Barcode\nominalimage039_jpg.rf.d0f44287cdf5183cb3a0f205ccd3e9ca.jpg
686,C:\Users\vukri\PycharmProjects\pythonProject\Barcode\nominalimage040_jpg.rf.e4a735d556a5b5a08a71bc411791a742.jpg
687,C:\Users\vukri\PycharmProjects\pythonProject\Barcode\nominalimage041_jpg.rf.441f474031cf609e24881f95e0a9d312.jpg
688,C:\Users\vukri\PycharmProjects\pythonProject\Barcode\nominalimage042_jpg.rf.a547772661443900e7c958f13cf6813e.jpg
689,C:\Users\vukri\PycharmProjects\pythonProject\Barcode\nominalimage043_jpg.rf.5d6dd19f2ddf6612c8e463e4fe54f8df.jpg
690,C:\Users\vukri\PycharmProjects\pythonProject\Barcode\nominalimage044_jpg.rf.8ed177c50c6aac5fad9be2ccdcbcceb5.jpg
691,C:\Users\vukri\PycharmProjects\pythonProject\Barcode\nominalimage045_jpg.rf.cf02d07aaa478c402c2ece1f370f3c9d.jpg
692,C:\Users\vukri\PycharmProjects\pythonProject\Barcode\nominalimage046_jpg.rf.dcba74da5e4ca8ec1b6b392396fd2e5a.jpg
693,C:\Users\vukri\PycharmProjects\pythonProject\Barcode\nominalimage047_jpg.rf.b142e7f8c5c383e4e165b1c6b2e3f7fa.jpg
694,C:\Users\vukri\PycharmProjects\pythonProject\Barcode\nominalimage048_jpg.rf.98c667436eb2a19b89742896186ae436.jpg
695,C:\Users\vukri\PycharmProjects\pythonProject\Barcode\nominalimage049_jpg.rf.3fac4c194a8a272e56db69a64dfa1f61.jpg
696,C:\Users\vukri\PycharmProjects\pythonProject\Barcode\nominalimage050_jpg.rf.8716bbf85fc4dad9759c1948d07a891d.jpg
697,C:\Users\vukri\PycharmProjects\pythonProject\Barcode\nominalimage051_jpg.rf.dbfd8d9f133124ef562229226e0f5e5c.jpg
698,C:\Users\vukri\PycharmProjects\pythonProject\Barcode\nominalimage052_jpg.rf.19d818eaaef0d4a913c483edf98569ad.jpg
699,C:\Users\vukri\PycharmProjects\pythonProject\Barcode\nominalimage053_jpg.rf.ffdd798e689a2042d054bb6b2d6f1f77.jpg
700,C:\Users\vukri\PycharmProjects\pythonProject\Barcode\nominalimage054_jpg.rf.15c7960731e3aa1f8592d1776081df25.jpg
701,C:\Users\vukri\PycharmProjects\pythonProject\Barcode\nominalimage055_jpg.rf.e360d8394b7c5627feea4d822010c12e.jpg
702,C:\Users\vukri\PycharmProjects\pythonProject\Barcode\nominalimage056_jpg.rf.14133937b84928408f9abad37ec50a93.jpg
703,C:\Users\vukri\PycharmProjects\pythonProject\Barcode\nominalimage057_jpg.rf.af6d9b579c564c4198d30f19fc1f857d.jpg
704,C:\Users\vukri\PycharmProjects\pythonProject\Barcode\nominalimage058_jpg.rf.a4a349c39a4ac9bd7e95f62c19e713ba.jpg
705,C:\Users\vukri\PycharmProjects\pythonProject\Barcode\nominalimage059_jpg.rf.b6f6254fe2f5fe55b51cfaf258274c8f.jpg
706,C:\Users\vukri\PycharmProjects\pythonProject\Barcode\nominalimage060_jpg.rf.13662735083504b828339ca6d494709e.jpg
707,C:\Users\vukri\PycharmProjects\pythonProject\Barcode\nominalimage061_jpg.rf.80db7a443c1140d606e017b69e6b6652.jpg
708,C:\Users\vukri\PycharmProjects\pythonProject\Barcode\nominalimage062_jpg.rf.899e63a6da03d9c5bc24e6bda6209c65.jpg
709,C:\Users\vukri\PycharmProjects\pythonProject\Barcode\nominalimage063_jpg.rf.210bfad507e6528b703140754a62a05c.jpg
710,C:\Users\vukri\PycharmProjects\pythonProject\Barcode\nominalimage064_jpg.rf.ead19c0e1c2c16ee0c6070070149d942.jpg
711,C:\Users\vukri\PycharmProjects\pythonProject\Barcode\nominalimage065_jpg.rf.b23819bb37f14c5cb9381659b0439ff6.jpg
712,C:\Users\vukri\PycharmProjects\pythonProject\Barcode\noncompliantimage001_jpg.rf.03e4a4d43d79e81d548a908e57ab2702.jpg
713,C:\Users\vukri\PycharmProjects\pythonProject\Barcode\noncompliantimage002_jpg.rf.9e95b0f8aa202229ec638d06988ee600.jpg
714,C:\Users\vukri\PycharmProjects\pythonProject\Barcode\noncompliantimage003_jpg.rf.19a809f53752163a3a8800c2eabfab83.jpg
715,C:\Users\vukri\PycharmProjects\pythonProject\Barcode\noncompliantimage004_jpg.rf.4bd5d2b31f9057dcdad3a2677e2c37ca.jpg
716,C:\Users\vukri\PycharmProjects\pythonProject\Barcode\noncompliantimage005_jpg.rf.7330d46f7ffe5b5dc0cf7b9f528df53d.jpg
717,C:\Users\vukri\PycharmProjects\pythonProject\Barcode\noncompliantimage006_jpg.rf.a93c27f78d381f67467d257aee999c2a.jpg
718,C:\Users\vukri\PycharmProjects\pythonProject\Barcode\noncompliantimage007_jpg.rf.04c6f27e06081ebdeb00adde7f7c5df5.jpg
719,C:\Users\vukri\PycharmProjects\pythonProject\Barcode\noncompliantimage008_jpg.rf.ecd35352a1143049b7adc82fa41a5207.jpg
720,C:\Users\vukri\PycharmProjects\pythonProject\Barcode\noncompliantimage010_jpg.rf.9b7879707f6fcccd9d4dd08eee161534.jpg
721,C:\Users\vukri\PycharmProjects\pythonProject\Barcode\noncompliantimage012_jpg.rf.7b4a22991289ffb4b97ad0a9daf01082.jpg
722,C:\Users\vukri\PycharmProjects\pythonProject\Barcode\noncompliantimage013_jpg.rf.16b29cda28841efa97b074867932289d.jpg
723,C:\Users\vukri\PycharmProjects\pythonProject\Barcode\noncompliantimage014_jpg.rf.be1125115b723facd48f0ec40d113f93.jpg
724,C:\Users\vukri\PycharmProjects\pythonProject\Barcode\noncompliantimage015_jpg.rf.aa3fe8e9310fb8710f7e5b6c5fb4c000.jpg
725,C:\Users\vukri\PycharmProjects\pythonProject\Barcode\noncompliantimage016_jpg.rf.5201f223ee4f527e080d652c229df884.jpg
726,C:\Users\vukri\PycharmProjects\pythonProject\Barcode\pathologicalimage001_png.rf.6b9045215de1e6bfb3f314c228c68ab8.jpg
727,C:\Users\vukri\PycharmProjects\pythonProject\Barcode\pathologicalimage002_png.rf.f28e9da141e73b0338afdf742bffe3c0.jpg
728,C:\Users\vukri\PycharmProjects\pythonProject\Barcode\pathologicalimage003_png.rf.7161d2c63cf875ee55509902d8263b40.jpg
729,C:\Users\vukri\PycharmProjects\pythonProject\Barcode\pathologicalimage004_png.rf.e591e4fe84f4a5726c330a19395f0c8b.jpg
730,C:\Users\vukri\PycharmProjects\pythonProject\Barcode\pathologicalimage005_png.rf.187470866a063be8de54dcedb4e6b600.jpg
731,C:\Users\vukri\PycharmProjects\pythonProject\Barcode\pathologicalimage006_png.rf.220009655955a5f1e70251367223001d.jpg
732,C:\Users\vukri\PycharmProjects\pythonProject\Barcode\pathologicalimage007_png.rf.a9c9864bcbe16565b3841380010512a6.jpg
733,C:\Users\vukri\PycharmProjects\pythonProject\Barcode\pathologicalimage008_png.rf.07bd87205a77cacc332faa61b920c230.jpg
734,C:\Users\vukri\PycharmProjects\pythonProject\Barcode\pathologicalimage009_png.rf.0ff127863033ba975738dfc04ce48cc0.jpg
735,C:\Users\vukri\PycharmProjects\pythonProject\Barcode\pathologicalimage010_png.rf.a56d792a5e2ef24cfb2aea25086335ff.jpg
736,C:\Users\vukri\PycharmProjects\pythonProject\Barcode\pathologicalimage011_png.rf.b50f7c65bbf42b2d2e733759cd595bb0.jpg
737,C:\Users\vukri\PycharmProjects\pythonProject\Barcode\pathologicalimage012_png.rf.612c13f67989550e3f939fc596801ec2.jpg
738,C:\Users\vukri\PycharmProjects\pythonProject\Barcode\pathologicalimage013_png.rf.fe1dae882e774bdf6711940a73170e9b.jpg
739,C:\Users\vukri\PycharmProjects\pythonProject\Barcode\pathologicalimage014_png.rf.431775ef0143a7b5881139d3915ac193.jpg
740,C:\Users\vukri\PycharmProjects\pythonProject\Barcode\pathologicalimage015_png.rf.9d757b9f5285968d72e7a33d5f0ad2f1.jpg
741,C:\Users\vukri\PycharmProjects\pythonProject\Barcode\pathologicalimage016_png.rf.879ba60a4facbbd88301cfba02e3500e.jpg
742,C:\Users\vukri\PycharmProjects\pythonProject\Barcode\pathologicalimage017_png.rf.9b163d188100f8542452175646ededae.jpg
743,C:\Users\vukri\PycharmProjects\pythonProject\Barcode\pathologicalimage018_png.rf.63c201c07b7fa0b7e1e449d3ae54fa5f.jpg
744,C:\Users\vukri\PycharmProjects\pythonProject\Barcode\pathologicalimage019_png.rf.3574404633053852618aff4dcd53a67f.jpg
745,C:\Users\vukri\PycharmProjects\pythonProject\Barcode\pathologicalimage020_png.rf.f09269e6af3e48daf1b650403e346924.jpg
746,C:\Users\vukri\PycharmProjects\pythonProject\Barcode\pathologicalimage021_png.rf.c37545e52606a2cae6951b97e02c7203.jpg
747,C:\Users\vukri\PycharmProjects\pythonProject\Barcode\pathologicalimage022_png.rf.13d727f6639d87f68cb1226f5a8e3d1d.jpg
748,C:\Users\vukri\PycharmProjects\pythonProject\Barcode\pathologicalimage023_png.rf.ccde598d6cc97f5a4e9ea6ebe016e934.jpg
749,C:\Users\vukri\PycharmProjects\pythonProject\Barcode\perspectiveimage001_jpg.rf.c19e98f87cf0903832d00da16cf22b89.jpg
750,C:\Users\vukri\PycharmProjects\pythonProject\Barcode\perspectiveimage002_jpg.rf.af5a776eaaa0c9505a92f8fca51a720f.jpg
751,C:\Users\vukri\PycharmProjects\pythonProject\Barcode\perspectiveimage003_jpg.rf.9b1463a3981308e0dcbd6fd21f8ac1f6.jpg
752,C:\Users\vukri\PycharmProjects\pythonProject\Barcode\perspectiveimage004_jpg.rf.79b621fb571029315fd50a40b8f918c8.jpg
753,C:\Users\vukri\PycharmProjects\pythonProject\Barcode\perspectiveimage005_jpg.rf.2f8b430a741a7c8d0f53e4e3b9926397.jpg
754,C:\Users\vukri\PycharmProjects\pythonProject\Barcode\perspectiveimage006_jpg.rf.d13454e1a378fcc9b4e6ef69dea4e717.jpg
755,C:\Users\vukri\PycharmProjects\pythonProject\Barcode\perspectiveimage007_jpg.rf.8267f24a7a80600e1d83c8cf24844508.jpg
756,C:\Users\vukri\PycharmProjects\pythonProject\Barcode\perspectiveimage008_jpg.rf.3e153dce205ae3cbeab18249f036c414.jpg
757,C:\Users\vukri\PycharmProjects\pythonProject\Barcode\perspectiveimage009_jpg.rf.f52f16354ac4ac8b28d1f7aa3e3a9c1c.jpg
758,C:\Users\vukri\PycharmProjects\pythonProject\Barcode\perspectiveimage010_jpg.rf.2ef37d93dbbdc474d4c554aed8e313a0.jpg
759,C:\Users\vukri\PycharmProjects\pythonProject\Barcode\perspectiveimage011_jpg.rf.9b017fc962a4b7e3c164a1d804bc80ac.jpg
760,C:\Users\vukri\PycharmProjects\pythonProject\Barcode\perspectiveimage012_jpg.rf.01f81744c8efc49c14ec751bfe4a80e5.jpg
761,C:\Users\vukri\PycharmProjects\pythonProject\Barcode\perspectiveimage013_jpg.rf.e265c425acc764bd577a8768ef5cca0b.jpg
762,C:\Users\vukri\PycharmProjects\pythonProject\Barcode\perspectiveimage014_jpg.rf.20534d6879e9d277c91982d0eaf9af7f.jpg
763,C:\Users\vukri\PycharmProjects\pythonProject\Barcode\perspectiveimage015_jpg.rf.38a5480f18fa9e4a3f2728d8c6344cfb.jpg
764,C:\Users\vukri\PycharmProjects\pythonProject\Barcode\perspectiveimage016_jpg.rf.d97e4562322f9727357a0f1e942c77f4.jpg
765,C:\Users\vukri\PycharmProjects\pythonProject\Barcode\perspectiveimage017_jpg.rf.6c77d4017d1b889d37aef75fda6eadda.jpg
766,C:\Users\vukri\PycharmProjects\pythonProject\Barcode\perspectiveimage018_jpg.rf.62f3fc1be1c15b9e9c1aad6af05e6c9b.jpg
767,C:\Users\vukri\PycharmProjects\pythonProject\Barcode\perspectiveimage019_jpg.rf.e186c7e1eaf0d753f12e771ac02dbab2.jpg
768,C:\Users\vukri\PycharmProjects\pythonProject\Barcode\perspectiveimage020_jpg.rf.79bf3fc74677de60d171fc90fc6696ae.jpg
769,C:\Users\vukri\PycharmProjects\pythonProject\Barcode\perspectiveimage021_jpg.rf.aab0dcf25e5dcf9d57f8d962c05f2836.jpg
770,C:\Users\vukri\PycharmProjects\pythonProject\Barcode\perspectiveimage022_jpg.rf.3678fa716e49cfe90326caf8d7d1750e.jpg
771,C:\Users\vukri\PycharmProjects\pythonProject\Barcode\perspectiveimage023_jpg.rf.68382236e0bdefe0bdd6a5a0e0a1a436.jpg
772,C:\Users\vukri\PycharmProjects\pythonProject\Barcode\perspectiveimage024_jpg.rf.8f1c8427df56788e6ea70c2be5a6ef88.jpg
773,C:\Users\vukri\PycharmProjects\pythonProject\Barcode\perspectiveimage025_jpg.rf.1a8bd73a5a1c9394f5a64acc1b0e22c5.jpg
774,C:\Users\vukri\PycharmProjects\pythonProject\Barcode\perspectiveimage026_jpg.rf.b70083c0806bdd9380c0d4c948e96b9f.jpg
775,C:\Users\vukri\PycharmProjects\pythonProject\Barcode\perspectiveimage027_jpg.rf.4168941491d508b1159a00d5b25a1f81.jpg
776,C:\Users\vukri\PycharmProjects\pythonProject\Barcode\perspectiveimage028_jpg.rf.8948bf596019fcf012e64203fa46db11.jpg
777,C:\Users\vukri\PycharmProjects\pythonProject\Barcode\perspectiveimage029_jpg.rf.9915c3e3d619e6238792ba4c3e886e39.jpg
778,C:\Users\vukri\PycharmProjects\pythonProject\Barcode\perspectiveimage030_jpg.rf.686508bbea8f38ea71cbcd55ca17ddca.jpg
779,C:\Users\vukri\PycharmProjects\pythonProject\Barcode\perspectiveimage031_jpg.rf.1ec1b865b3e0e762a704ecbb0b761beb.jpg
780,C:\Users\vukri\PycharmProjects\pythonProject\Barcode\perspectiveimage032_jpg.rf.f5533a65849b0c4dff45a4b7584eab08.jpg
781,C:\Users\vukri\PycharmProjects\pythonProject\Barcode\perspectiveimage033_jpg.rf.cb8bd7428cb53a6b32e0f0ec9b1c824f.jpg
782,C:\Users\vukri\PycharmProjects\pythonProject\Barcode\perspectiveimage034_jpg.rf.4e74d32c61d9acfb9ad3f8344acfaddd.jpg
783,C:\Users\vukri\PycharmProjects\pythonProject\Barcode\perspectiveimage035_jpg.rf.e6898de1beaff2d714acfb2b1d06ca08.jpg
784,C:\Users\vukri\PycharmProjects\pythonProject\Barcode\PfggfhgICT0034.JPG
785,C:\Users\vukri\PycharmProjects\pythonProject\Barcode\PIadwCT0019.JPG
786,C:\Users\vukri\PycharmProjects\pythonProject\Barcode\PICawdT0024.JPG
787,C:\Users\vukri\PycharmProjects\pythonProject\Barcode\PICfggfhT0018.JPG
788,C:\Users\vukri\PycharmProjects\pythonProject\Barcode\PICfhghhgfT0019.JPG
789,C:\Users\vukri\PycharmProjects\pythonProject\Barcode\PICgfhT0012.JPG
790,C:\Users\vukri\PycharmProjects\pythonProject\Barcode\PIChgfghT0025.JPG
791,C:\Users\vukri\PycharmProjects\pythonProject\Barcode\PIChT0002.JPG
792,C:\Users\vukri\PycharmProjects\pythonProject\Barcode\PICsdT0032.JPG
793,C:\Users\vukri\PycharmProjects\pythonProject\Barcode\PICT000fghgh3.JPG
794,C:\Users\vukri\PycharmProjects\pythonProject\Barcode\PICT00awd25.JPG
795,C:\Users\vukri\PycharmProjects\pythonProject\Barcode\PICT00daw23.JPG
796,C:\Users\vukri\PycharmProjects\pythonProject\Barcode\PICT00dfs31.JPG
797,C:\Users\vukri\PycharmProjects\pythonProject\Barcode\PICT00dsf33.JPG
798,C:\Users\vukri\PycharmProjects\pythonProject\Barcode\PICT00fghgh02.JPG
799,C:\Users\vukri\PycharmProjects\pythonProject\Barcode\PICT00gfh11.JPG
800,C:\Users\vukri\PycharmProjects\pythonProject\Barcode\PICT00gfhgfgh20.JPG
801,C:\Users\vukri\PycharmProjects\pythonProject\Barcode\PICT00gfhh38.JPG
802,C:\Users\vukri\PycharmProjects\pythonProject\Barcode\PICT00gh03.JPG
803,C:\Users\vukri\PycharmProjects\pythonProject\Barcode\PICT00ghhgh26.JPG
804,C:\Users\vukri\PycharmProjects\pythonProject\Barcode\PICT00hfghg10.JPG
805,C:\Users\vukri\PycharmProjects\pythonProject\Barcode\PICT00sdf27.JPG
806,C:\Users\vukri\PycharmProjects\pythonProject\Barcode\PICT00sdf37.JPG
807,C:\Users\vukri\PycharmProjects\pythonProject\Barcode\PICT0dfs038.JPG
808,C:\Users\vukri\PycharmProjects\pythonProject\Barcode\PICT0fgfgh015.JPG
809,C:\Users\vukri\PycharmProjects\pythonProject\Barcode\PICT0fgh004.JPG
810,C:\Users\vukri\PycharmProjects\pythonProject\Barcode\PICT0gh009.JPG
811,C:\Users\vukri\PycharmProjects\pythonProject\Barcode\PICT0ghfghg023.JPG
812,C:\Users\vukri\PycharmProjects\pythonProject\Barcode\PICT0ghgfhg012.JPG
813,C:\Users\vukri\PycharmProjects\pythonProject\Barcode\PICT0hhfhg011.JPG
814,C:\Users\vukri\PycharmProjects\pythonProject\Barcode\PICT0wa016.JPG
815,C:\Users\vukri\PycharmProjects\pythonProject\Barcode\PICT0wad018.JPG
816,C:\Users\vukri\PycharmProjects\pythonProject\Barcode\PICT0001.JPG
817,C:\Users\vukri\PycharmProjects\pythonProject\Barcode\PICT001gfghfg7.JPG
818,C:\Users\vukri\PycharmProjects\pythonProject\Barcode\PICT0002.JPG
819,C:\Users\vukri\PycharmProjects\pythonProject\Barcode\PICT0003.JPG
820,C:\Users\vukri\PycharmProjects\pythonProject\Barcode\PICT0004.JPG
821,C:\Users\vukri\PycharmProjects\pythonProject\Barcode\PICT0005.JPG
822,C:\Users\vukri\PycharmProjects\pythonProject\Barcode\PICT0006.JPG
823,C:\Users\vukri\PycharmProjects\pythonProject\Barcode\PICT0007.JPG
824,C:\Users\vukri\PycharmProjects\pythonProject\Barcode\PICT0008.JPG
825,C:\Users\vukri\PycharmProjects\pythonProject\Barcode\PICT0009.JPG
826,C:\Users\vukri\PycharmProjects\pythonProject\Barcode\PICT0010.JPG
827,C:\Users\vukri\PycharmProjects\pythonProject\Barcode\PICT0011.JPG
828,C:\Users\vukri\PycharmProjects\pythonProject\Barcode\PICT0012.JPG
829,C:\Users\vukri\PycharmProjects\pythonProject\Barcode\PICT0013.JPG
830,C:\Users\vukri\PycharmProjects\pythonProject\Barcode\PICT0014.JPG
831,C:\Users\vukri\PycharmProjects\pythonProject\Barcode\PICT0015.JPG
832,C:\Users\vukri\PycharmProjects\pythonProject\Barcode\PICT0016.JPG
833,C:\Users\vukri\PycharmProjects\pythonProject\Barcode\PICT0017.JPG
834,C:\Users\vukri\PycharmProjects\pythonProject\Barcode\PICT0018.JPG
835,C:\Users\vukri\PycharmProjects\pythonProject\Barcode\PICT0019.JPG
836,C:\Users\vukri\PycharmProjects\pythonProject\Barcode\PICT0020.JPG
837,C:\Users\vukri\PycharmProjects\pythonProject\Barcode\PICT0021.JPG
838,C:\Users\vukri\PycharmProjects\pythonProject\Barcode\PICT0022.JPG
839,C:\Users\vukri\PycharmProjects\pythonProject\Barcode\PICT0022fhghg.JPG
840,C:\Users\vukri\PycharmProjects\pythonProject\Barcode\PICT0023.JPG
841,C:\Users\vukri\PycharmProjects\pythonProject\Barcode\PICT0024.JPG
842,C:\Users\vukri\PycharmProjects\pythonProject\Barcode\PICT0025.JPG
843,C:\Users\vukri\PycharmProjects\pythonProject\Barcode\PICT0026.JPG
844,C:\Users\vukri\PycharmProjects\pythonProject\Barcode\PICT0027.JPG
845,C:\Users\vukri\PycharmProjects\pythonProject\Barcode\PICT0028.JPG
846,C:\Users\vukri\PycharmProjects\pythonProject\Barcode\PICT0030.JPG
847,C:\Users\vukri\PycharmProjects\pythonProject\Barcode\PICT0031.JPG
848,C:\Users\vukri\PycharmProjects\pythonProject\Barcode\PICT0032.JPG
849,C:\Users\vukri\PycharmProjects\pythonProject\Barcode\PICT0033.JPG
850,C:\Users\vukri\PycharmProjects\pythonProject\Barcode\PICT0034.JPG
851,C:\Users\vukri\PycharmProjects\pythonProject\Barcode\PICT0035.JPG
852,C:\Users\vukri\PycharmProjects\pythonProject\Barcode\PICT0036.JPG
853,C:\Users\vukri\PycharmProjects\pythonProject\Barcode\PICT0037.JPG
854,C:\Users\vukri\PycharmProjects\pythonProject\Barcode\PICT0038.JPG
855,C:\Users\vukri\PycharmProjects\pythonProject\Barcode\PICT0039.JPG
856,C:\Users\vukri\PycharmProjects\pythonProject\Barcode\PICT0041.JPG
857,C:\Users\vukri\PycharmProjects\pythonProject\Barcode\PICT0042.JPG
858,C:\Users\vukri\PycharmProjects\pythonProject\Barcode\PICT0048.JPG
859,C:\Users\vukri\PycharmProjects\pythonProject\Barcode\PICT0050.JPG
860,C:\Users\vukri\PycharmProjects\pythonProject\Barcode\PICTadw0020.JPG
861,C:\Users\vukri\PycharmProjects\pythonProject\Barcode\PICTfgh0008.JPG
862,C:\Users\vukri\PycharmProjects\pythonProject\Barcode\PICTfhghgfh0039.JPG
863,C:\Users\vukri\PycharmProjects\pythonProject\Barcode\PICTgf0010.JPG
864,C:\Users\vukri\PycharmProjects\pythonProject\Barcode\PICTsdf0036.JPG
865,C:\Users\vukri\PycharmProjects\pythonProject\Barcode\PICTwa0015.JPG
866,C:\Users\vukri\PycharmProjects\pythonProject\Barcode\PIfghghfCT0009.JPG
867,C:\Users\vukri\PycharmProjects\pythonProject\Barcode\PIghCT0005.JPG
868,C:\Users\vukri\PycharmProjects\pythonProject\Barcode\rotationsimage001_jpg.rf.0c29f99f507706cbcb469297d5e73b53.jpg
869,C:\Users\vukri\PycharmProjects\pythonProject\Barcode\rotationsimage002_jpg.rf.b742a54efc4def8b4903ea7c16dac99a.jpg
870,C:\Users\vukri\PycharmProjects\pythonProject\Barcode\rotationsimage003_jpg.rf.ce9041925bfbc99a726af379b399a756.jpg
871,C:\Users\vukri\PycharmProjects\pythonProject\Barcode\rotationsimage004_jpg.rf.172880c6650ea585259ae43a632a29c5.jpg
872,C:\Users\vukri\PycharmProjects\pythonProject\Barcode\rotationsimage005_jpg.rf.36aa1ece34d0b17750928a69567a40e1.jpg
873,C:\Users\vukri\PycharmProjects\pythonProject\Barcode\rotationsimage006_jpg.rf.4c458d9ec0354759db4c4ae9826c5f01.jpg
874,C:\Users\vukri\PycharmProjects\pythonProject\Barcode\rotationsimage007_jpg.rf.bf9ef34741203cda31a59de010dd5d62.jpg
875,C:\Users\vukri\PycharmProjects\pythonProject\Barcode\rotationsimage008_jpg.rf.da73ea48ceae2b913e45f17dd0257c61.jpg
876,C:\Users\vukri\PycharmProjects\pythonProject\Barcode\rotationsimage009_jpg.rf.bb91666db48b3babfa9d2c335df630f1.jpg
877,C:\Users\vukri\PycharmProjects\pythonProject\Barcode\rotationsimage010_jpg.rf.f8fed0023b1fb310af5889fea8b1a7b5.jpg
878,C:\Users\vukri\PycharmProjects\pythonProject\Barcode\rotationsimage011_jpg.rf.fcde2c0cefee0f12a78b1b873ef093f2.jpg
879,C:\Users\vukri\PycharmProjects\pythonProject\Barcode\rotationsimage012_jpg.rf.71f37f6acad74d34e435e06b341b32d8.jpg
880,C:\Users\vukri\PycharmProjects\pythonProject\Barcode\rotationsimage013_jpg.rf.8a1f029fd40dbe9f737cb6c4d2892102.jpg
881,C:\Users\vukri\PycharmProjects\pythonProject\Barcode\rotationsimage014_jpg.rf.23d3f506316316595f3fcf37936f4199.jpg
882,C:\Users\vukri\PycharmProjects\pythonProject\Barcode\rotationsimage015_jpg.rf.4aebd7c46ef909d785628c92c53dc636.jpg
883,C:\Users\vukri\PycharmProjects\pythonProject\Barcode\rotationsimage016_jpg.rf.a6850ebe44b656108cae6a6571429957.jpg
884,C:\Users\vukri\PycharmProjects\pythonProject\Barcode\rotationsimage017_jpg.rf.45ca9888d1ce748024831aaad4650852.jpg
885,C:\Users\vukri\PycharmProjects\pythonProject\Barcode\rotationsimage018_jpg.rf.978053b2a02a1f238f563c08be1cde2f.jpg
886,C:\Users\vukri\PycharmProjects\pythonProject\Barcode\rotationsimage019_jpg.rf.733f1fe5c8c1311601ef0c11c18451bd.jpg
887,C:\Users\vukri\PycharmProjects\pythonProject\Barcode\rotationsimage020_jpg.rf.da6454627e72828b0e0bf62d3707f23d.jpg
888,C:\Users\vukri\PycharmProjects\pythonProject\Barcode\rotationsimage021_jpg.rf.0f8e78b65380fd09eb4d6d69335c5611.jpg
889,C:\Users\vukri\PycharmProjects\pythonProject\Barcode\rotationsimage022_jpg.rf.04e84f010138c1f28ff82b3875f661f0.jpg
890,C:\Users\vukri\PycharmProjects\pythonProject\Barcode\rotationsimage023_jpg.rf.fc0b9f2086d2d51736294720615606b7.jpg
891,C:\Users\vukri\PycharmProjects\pythonProject\Barcode\rotationsimage024_jpg.rf.e1f922da3cfadb221d746ad783850cca.jpg
892,C:\Users\vukri\PycharmProjects\pythonProject\Barcode\rotationsimage025_jpg.rf.4b9de1824897ef77e94367e7c7b97243.jpg
893,C:\Users\vukri\PycharmProjects\pythonProject\Barcode\rotationsimage026_jpg.rf.cb41f86073c1059df9fcd1c8a107c7c4.jpg
894,C:\Users\vukri\PycharmProjects\pythonProject\Barcode\rotationsimage027_jpg.rf.8aeabeed57a51abcd5051e80ae167cf7.jpg
895,C:\Users\vukri\PycharmProjects\pythonProject\Barcode\rotationsimage028_jpg.rf.d9542acac398e0500e26cf275067070b.jpg
896,C:\Users\vukri\PycharmProjects\pythonProject\Barcode\rotationsimage029_jpg.rf.370c6aa13b6ed7f1463ea41e27b60cc9.jpg
897,C:\Users\vukri\PycharmProjects\pythonProject\Barcode\rotationsimage030_jpg.rf.1fc60b35e33746ffaf70dcf520695e93.jpg
898,C:\Users\vukri\PycharmProjects\pythonProject\Barcode\rotationsimage031_jpg.rf.a297d7bf54aadd3cfd27fb9d4d8d4af8.jpg
899,C:\Users\vukri\PycharmProjects\pythonProject\Barcode\rotationsimage032_jpg.rf.caba7de58894875bd1bf1685ed28a8c1.jpg
900,C:\Users\vukri\PycharmProjects\pythonProject\Barcode\rotationsimage033_jpg.rf.839d232d692d6f788d796d05f7e7ece4.jpg
901,C:\Users\vukri\PycharmProjects\pythonProject\Barcode\rotationsimage034_jpg.rf.95a1d99295133c597fe4f559be1df32c.jpg
902,C:\Users\vukri\PycharmProjects\pythonProject\Barcode\rotationsimage035_jpg.rf.909d39b53cf0d1df50299c82bec66a5a.jpg
903,C:\Users\vukri\PycharmProjects\pythonProject\Barcode\rotationsimage036_jpg.rf.fd0101744d23b860c545d67dd6bdbfae.jpg
904,C:\Users\vukri\PycharmProjects\pythonProject\Barcode\rotationsimage037_jpg.rf.3607c6f2683b8550452a8f3d77028f74.jpg
905,C:\Users\vukri\PycharmProjects\pythonProject\Barcode\rotationsimage038_jpg.rf.434d67918d071a9d37b791f5d683c595.jpg
906,C:\Users\vukri\PycharmProjects\pythonProject\Barcode\rotationsimage039_jpg.rf.0c0a7dd88a8f7213336d1e6c13ffbcc2.jpg
907,C:\Users\vukri\PycharmProjects\pythonProject\Barcode\rotationsimage040_jpg.rf.1be28fcad33bc557280b08a040cd3a3f.jpg
908,C:\Users\vukri\PycharmProjects\pythonProject\Barcode\rotationsimage041_jpg.rf.e8dda3f4d53f275cba8b3eadd34d6882.jpg
909,C:\Users\vukri\PycharmProjects\pythonProject\Barcode\rotationsimage042_jpg.rf.c936a760845e6866085b9651c63c97b4.jpg
910,C:\Users\vukri\PycharmProjects\pythonProject\Barcode\rotationsimage043_jpg.rf.6b9dc5143bee44cb72d6b41e726ad22b.jpg
911,C:\Users\vukri\PycharmProjects\pythonProject\Barcode\rotationsimage044_jpg.rf.eca72fbc25b1fad1f71e6e8b14b39181.jpg
912,C:\Users\vukri\PycharmProjects\pythonProject\Barcode\shadowsimage001_jpg.rf.261eabfbdd7f22ae800b9af2159afc1e.jpg
913,C:\Users\vukri\PycharmProjects\pythonProject\Barcode\shadowsimage002_jpg.rf.b3a99815fae2f77f71ac1146716d4402.jpg
914,C:\Users\vukri\PycharmProjects\pythonProject\Barcode\shadowsimage003_jpg.rf.dfcc4e34cc7ca45d8eae4551d834d792.jpg
915,C:\Users\vukri\PycharmProjects\pythonProject\Barcode\shadowsimage004_jpg.rf.20f934af281cf15df63ae98462932780.jpg
916,C:\Users\vukri\PycharmProjects\pythonProject\Barcode\shadowsimage005_jpg.rf.fbf943d1376bdd1326b3662cfa2b699d.jpg
917,C:\Users\vukri\PycharmProjects\pythonProject\Barcode\shadowsimage006_jpg.rf.7777f128c2229866b4cfcd0ab8405a9e.jpg
918,C:\Users\vukri\PycharmProjects\pythonProject\Barcode\shadowsimage007_jpg.rf.7797e8e8ec1a3e1cc3ac492c6071b2bd.jpg
919,C:\Users\vukri\PycharmProjects\pythonProject\Barcode\shadowsimage008_jpg.rf.9de5f5041a9f0d70a4397d24da472e44.jpg
920,C:\Users\vukri\PycharmProjects\pythonProject\Barcode\shadowsimage009_jpg.rf.091c025a7403cbbf560475053b4fa464.jpg
921,C:\Users\vukri\PycharmProjects\pythonProject\Barcode\shadowsimage010_jpg.rf.83d6d732f14892d9714c816884955548.jpg
922,C:\Users\vukri\PycharmProjects\pythonProject\Barcode\shadowsimage011_jpg.rf.d731da3e587e6a4049197ddfcd96f51e.jpg
923,C:\Users\vukri\PycharmProjects\pythonProject\Barcode\shadowsimage013_jpg.rf.ec168b30ffe0436879d4ea9c4e267e39.jpg
924,C:\Users\vukri\PycharmProjects\pythonProject\Barcode\shadowsimage014_jpg.rf.d6d114d5db53d356f35b02f05d9f9e19.jpg
925,C:\Users\vukri\PycharmProjects\pythonProject\Barcode\v2Email_png.rf.a953734638bf4c542f4b95f22e95eadb.jpg
926,C:\Users\vukri\PycharmProjects\pythonProject\Barcode\v2Event_png.rf.598ba3c603809b67b47433f3740375fc.jpg
927,C:\Users\vukri\PycharmProjects\pythonProject\Barcode\v2FaceBook_png.rf.1b2f79dfc49b7addc87fb14367832603.jpg
928,C:\Users\vukri\PycharmProjects\pythonProject\Barcode\v2Location_png.rf.0b15d46a2c414ad07f91e4e9f678764e.jpg
929,C:\Users\vukri\PycharmProjects\pythonProject\Barcode\v2MeCard-Address_png.rf.e9cc9d341da5aaff82600af6b5ccf23d.jpg
930,C:\Users\vukri\PycharmProjects\pythonProject\Barcode\v2MeCard-Dates_png.rf.655dd400beef021bb41b103853cf5797.jpg
931,C:\Users\vukri\PycharmProjects\pythonProject\Barcode\v2MeCard-Notes_png.rf.14f05f40d4a6fb8aab8c51ee3d758333.jpg
932,C:\Users\vukri\PycharmProjects\pythonProject\Barcode\v2MeCard-Phone_png.rf.8e069cba5a01446dc29927df4fa7bd08.jpg
933,C:\Users\vukri\PycharmProjects\pythonProject\Barcode\v2MeCard-POBOX_png.rf.153e9ce4024fddb1df7d22c4926682e4.jpg
934,C:\Users\vukri\PycharmProjects\pythonProject\Barcode\v2Phone_png.rf.afb2f3fe33e8626d35a1e2c87b4e5285.jpg
935,C:\Users\vukri\PycharmProjects\pythonProject\Barcode\v2SMS-Text_png.rf.5c5193ecbcbae921757762c591045deb.jpg
936,C:\Users\vukri\PycharmProjects\pythonProject\Barcode\v2Twitter_png.rf.4dc892d1d05b09b89f5d4df53b8f7a1b.jpg
937,C:\Users\vukri\PycharmProjects\pythonProject\Barcode\v2VCard-BasicWikipedia_png.rf.d4a0f21e6b13fc4537a0f72e426f5b2b.jpg
938,C:\Users\vukri\PycharmProjects\pythonProject\Barcode\v2VCard-Encoding_png.rf.0ba6752c9a07bb408f23bb00977385e4.jpg
939,C:\Users\vukri\PycharmProjects\pythonProject\Barcode\v2VCard-Title_png.rf.23f56d6f4c253e50d5e244fef6db556e.jpg
940,C:\Users\vukri\PycharmProjects\pythonProject\Barcode\v2VCard-Type_png.rf.0c56e74fe6802065658d59315054cc12.jpg
941,C:\Users\vukri\PycharmProjects\pythonProject\Barcode\v2Website_png.rf.0a8ffb8062d00f56bebadd6a1aae9c10.jpg
942,C:\Users\vukri\PycharmProjects\pythonProject\Barcode\v2WIFI_png.rf.b69bf1100a8291e4d494a35759f1975e.jpg
943,C:\Users\vukri\PycharmProjects\pythonProject\Barcode\v2YouTube_png.rf.215ab72747f5bc423561cb1ed9fe0ffd.jpg
944,C:\Users\vukri\PycharmProjects\pythonProject\Barcode\v3SMS-Text_png.rf.4754081464f769181c29ddd18c5882a7.jpg
945,C:\Users\vukri\PycharmProjects\pythonProject\Barcode\v3Twitter_png.rf.c1921ca7d34ecaf3d7baad7a4d94acc5.jpg
946,C:\Users\vukri\PycharmProjects\pythonProject\Barcode\v3VCard-BasicWikipedia_png.rf.c20a8497d8dde83d87b15fda14841e60.jpg
947,C:\Users\vukri\PycharmProjects\pythonProject\Barcode\v3VCard-Encoding_png.rf.4d16f021797addf2555fc5363a752c36.jpg
948,C:\Users\vukri\PycharmProjects\pythonProject\Barcode\v3VCard-Title_png.rf.77694e37a870d16f35533a683049123a.jpg
949,C:\Users\vukri\PycharmProjects\pythonProject\Barcode\v3VCard-Type_png.rf.22385d6824401ca42feb8551327b9ae1.jpg
950,C:\Users\vukri\PycharmProjects\pythonProject\Barcode\v3YouTube_png.rf.2b9af184600bebb1d60b0ccdacf3ce88.jpg
